{
     "graph": {
          "node": {
               "Q1": {
                    "capacity": 4, 
                    "name": "Q1", 
                    "wip": [
                         {
                              "_class": "Dream.Batch", 
                              "numberOfUnits": 10, 
                              "name": "Batch0", 
                              "id": "0"
                         }, 
                         {
                              "_class": "Dream.Batch", 
                              "numberOfUnits": 10, 
                              "name": "Batch1", 
                              "id": "1"
                         }
                    ], 
                    "interruptions": {}, 
                    "element_id": "DreamNode_30", 
                    "_class": "Dream.Queue", 
                    "schedulingRule": "FIFO"
               }, 
               "BD": {
                    "name": "Deco", 
                    "processingTime": {
                         "Fixed": {
                              "mean": 0
                         }
                    }, 
                    "numberOfSubBatches": 2, 
                    "interruptions": {}, 
                    "_class": "Dream.BatchDecompositionBlocking", 
                    "id": "BD"
               }, 
               "Q2": {
                    "capacity": 4, 
                    "name": "Q2", 
                    "interruptions": {}, 
                    "element_id": "DreamNode_30", 
                    "_class": "Dream.Queue", 
                    "schedulingRule": "FIFO"
               }, 
               "E": {
                    "interruptions": {}, 
                    "_class": "Dream.Exit", 
                    "name": "Stock", 
                    "id": "E1"
               }, 
               "M1": {
                    "name": "M1", 
                    "processingTime": {
                         "Fixed": {
                              "mean": 0.1
                         }
                    }, 
                    "interruptions": {}, 
                    "element_id": "DreamNode_8", 
                    "_class": "Dream.BatchScrapMachine", 
                    "id": "M1"
               }, 
               "BR": {
                    "name": "Reassembly", 
                    "processingTime": {
                         "Fixed": {
                              "mean": 0
                         }
                    }, 
                    "numberOfSubBatches": 2, 
                    "interruptions": {}, 
                    "_class": "Dream.BatchReassemblyBlocking", 
                    "id": "BR"
               }, 
               "M2": {
                    "name": "M2", 
                    "processingTime": {
                         "Fixed": {
                              "mean": 1
                         }
                    }, 
                    "interruptions": {}, 
                    "element_id": "DreamNode_8", 
                    "_class": "Dream.BatchScrapMachine", 
                    "id": "M2"
               }
          }, 
          "edge": {
               "1": {
                    "source": "Q1", 
                    "destination": "BD", 
                    "data": {}, 
                    "_class": "Dream.Edge"
               }, 
               "3": {
                    "source": "M1", 
                    "destination": "BR", 
                    "data": {}, 
                    "_class": "Dream.Edge"
               }, 
               "2": {
                    "source": "BD", 
                    "destination": "M1", 
                    "data": {}, 
                    "_class": "Dream.Edge"
               }, 
               "5": {
                    "source": "Q2", 
                    "destination": "M2", 
                    "data": {}, 
                    "_class": "Dream.Edge"
               }, 
               "4": {
                    "source": "BR", 
                    "destination": "Q2", 
                    "data": {}, 
                    "_class": "Dream.Edge"
               }, 
               "6": {
                    "source": "M2", 
                    "destination": "E", 
                    "data": {}, 
                    "_class": "Dream.Edge"
               }
          }
     }, 
     "general": {
          "maxSimTime": -1, 
          "console": "No", 
          "numberOfReplications": 1, 
          "trace": "No"
     }
}