{
     "graph": {
          "node": {
               "Q1": {
                    "interruptions": {}, 
                    "_class": "Dream.ConditionalBuffer", 
                    "isDummy": "0", 
                    "name": "Queue1", 
                    "wip": [
                         {
                              "id": "C2", 
                              "sequence": "3"
                         }, 
                         {
                              "id": "C3", 
                              "sequence": "4"
                         }
                    ]
               }, 
               "MA1": {
                    "interruptions": {}, 
                    "_class": "Dream.MouldAssembly", 
                    "id": "MA1", 
                    "name": "Assembly"
               }, 
               "Q0": {
                    "interruptions": {}, 
                    "_class": "Dream.ConditionalBuffer", 
                    "capacity": -1, 
                    "name": "StartQueue", 
                    "isDummy": "0"
               }, 
               "OD0": {
                    "interruptions": {}, 
                    "_class": "Dream.OrderDecomposition", 
                    "name": "Order Decomposition"
               }, 
               "AB1": {
                    "capacity": -1, 
                    "name": "Assembly Buffer", 
                    "isDummy": "0", 
                    "wip": [
                         {
                              "id": "C1", 
                              "sequence": "6"
                         }
                    ], 
                    "interruptions": {}, 
                    "_class": "Dream.MouldAssemblyBuffer", 
                    "id": "AB1"
               }, 
               "M1": {
                    "interruptions": {}, 
                    "_class": "Dream.MachineJobShop", 
                    "name": "Machine1"
               }, 
               "M0": {
                    "interruptions": {}, 
                    "_class": "Dream.MachineJobShop", 
                    "name": "Design"
               }, 
               "M2": {
                    "interruptions": {}, 
                    "_class": "Dream.MachineJobShop", 
                    "name": "Machine2"
               }, 
               "E1": {
                    "interruptions": {}, 
                    "_class": "Dream.ExitJobShop", 
                    "name": "Exit"
               }
          }, 
          "edge": {}
     }, 
     "_class": "Dream.Simulation", 
     "input": {
          "BOM": {
               "productionOrders": [
                    {
                         "componentsList": [
                              {
                                   "route": [
                                        {
                                             "stationIdsList": [
                                                  "Q0"
                                             ], 
                                             "sequence": "1"
                                        }, 
                                        {
                                             "processingTime": {
                                                  "Fixed": {
                                                       "mean": 1.0
                                                  }
                                             }, 
                                             "stationIdsList": [
                                                  "M0"
                                             ], 
                                             "sequence": "1"
                                        }
                                   ], 
                                   "_class": "Dream.OrderDesign", 
                                   "id": "OD1", 
                                   "name": "OrderDesign1"
                              }, 
                              {
                                   "componentType": "Mold Insert", 
                                   "route": [
                                        {
                                             "stationIdsList": [
                                                  "OD0"
                                             ], 
                                             "sequence": ""
                                        }, 
                                        {
                                             "stationIdsList": [
                                                  "Q1"
                                             ], 
                                             "sequence": "2"
                                        }, 
                                        {
                                             "processingTime": {
                                                  "Fixed": {
                                                       "mean": "2"
                                                  }
                                             }, 
                                             "stationIdsList": [
                                                  "M1", 
                                                  "M2"
                                             ], 
                                             "sequence": "2"
                                        }, 
                                        {
                                             "stationIdsList": [
                                                  "AB1"
                                             ], 
                                             "sequence": "6"
                                        }, 
                                        {
                                             "stationIdsList": [
                                                  "MA1"
                                             ], 
                                             "sequence": "6"
                                        }
                                   ], 
                                   "_class": "Dream.OrderComponent", 
                                   "id": "C1", 
                                   "name": "Component1"
                              }, 
                              {
                                   "componentType": "Misc", 
                                   "route": [
                                        {
                                             "stationIdsList": [
                                                  "OD0"
                                             ], 
                                             "sequence": ""
                                        }, 
                                        {
                                             "stationIdsList": [
                                                  "Q1"
                                             ], 
                                             "sequence": "3"
                                        }, 
                                        {
                                             "processingTime": {
                                                  "Fixed": {
                                                       "mean": "1"
                                                  }
                                             }, 
                                             "stationIdsList": [
                                                  "M1", 
                                                  "M2"
                                             ], 
                                             "sequence": "3"
                                        }, 
                                        {
                                             "stationIdsList": [
                                                  "AB1"
                                             ], 
                                             "sequence": "6"
                                        }, 
                                        {
                                             "stationIdsList": [
                                                  "MA1"
                                             ], 
                                             "sequence": "6"
                                        }
                                   ], 
                                   "_class": "Dream.OrderComponent", 
                                   "id": "C2", 
                                   "name": "Component2"
                              }, 
                              {
                                   "componentType": "K-Standards", 
                                   "route": [
                                        {
                                             "stationIdsList": [
                                                  "OD0"
                                             ], 
                                             "sequence": ""
                                        }, 
                                        {
                                             "stationIdsList": [
                                                  "Q1"
                                             ], 
                                             "sequence": "4"
                                        }, 
                                        {
                                             "processingTime": {
                                                  "Fixed": {
                                                       "mean": "3"
                                                  }
                                             }, 
                                             "stationIdsList": [
                                                  "M1", 
                                                  "M2"
                                             ], 
                                             "requiredParts": [
                                                  "C2", 
                                                  "C1"
                                             ], 
                                             "sequence": "4"
                                        }, 
                                        {
                                             "stationIdsList": [
                                                  "AB1"
                                             ], 
                                             "sequence": "6"
                                        }, 
                                        {
                                             "stationIdsList": [
                                                  "MA1"
                                             ], 
                                             "sequence": "6"
                                        }
                                   ], 
                                   "_class": "Dream.OrderComponent", 
                                   "id": "C3", 
                                   "name": "Component3"
                              }, 
                              {
                                   "route": [
                                        {
                                             "processingTime": {
                                                  "Fixed": {
                                                       "mean": "1"
                                                  }
                                             }, 
                                             "stationIdsList": [
                                                  "MA1"
                                             ], 
                                             "sequence": "6"
                                        }, 
                                        {
                                             "stationIdsList": [
                                                  "E1"
                                             ], 
                                             "sequence": "6"
                                        }
                                   ], 
                                   "_class": "Dream.Mould", 
                                   "id": "Mo1", 
                                   "name": "Mould1"
                              }
                         ], 
                         "_class": "Dream.Order", 
                         "id": "O1", 
                         "name": "Order 1"
                    }
               ]
          }
     }, 
     "general": {
          "console": "No", 
          "numberOfReplications": "1", 
          "trace": "No", 
          "confidenceLevel": "0.95", 
          "maxSimTime": "-1", 
          "_class": "Dream.Configuration"
     }
}