{
     "graph": {
          "node": {
               "MA1": {
                    "interruptions": {}, 
                    "_class": "Dream.MouldAssembly", 
                    "id": "MA1", 
                    "operationType": "Load", 
                    "name": "Assembly 1"
               }, 
               "Q0": {
                    "capacity": "-1", 
                    "name": "StartQueue", 
                    "isDummy": "0", 
                    "wip": [
                         {
                              "id": "OD1", 
                              "sequence": "1"
                         }, 
                         {
                              "id": "OD2", 
                              "sequence": "1"
                         }, 
                         {
                              "id": "OD3", 
                              "sequence": "1"
                         }, 
                         {
                              "id": "OD4", 
                              "sequence": "1"
                         }
                    ], 
                    "interruptions": {}, 
                    "_class": "Dream.ConditionalBuffer", 
                    "schedulingRule": "Priority"
               }, 
               "MA3": {
                    "interruptions": {}, 
                    "_class": "Dream.MouldAssembly", 
                    "id": "MA3", 
                    "operationType": "Load", 
                    "name": "Assembly 3"
               }, 
               "MA2": {
                    "interruptions": {}, 
                    "_class": "Dream.MouldAssembly", 
                    "id": "MA2", 
                    "operationType": "Load", 
                    "name": "Assembly 2"
               }, 
               "OP1": {
                    "interruptions": {}, 
                    "_class": "Dream.OperatorPool", 
                    "capacity": 3, 
                    "name": "Operator Pool 1"
               }, 
               "O3": {
                    "interruptions": {}, 
                    "_class": "Dream.Operator", 
                    "capacity": "1", 
                    "name": "Operator3", 
                    "schedulingRule": "Priority"
               }, 
               "O2": {
                    "interruptions": {}, 
                    "_class": "Dream.Operator", 
                    "capacity": "1", 
                    "name": "Operator2", 
                    "schedulingRule": "Priority"
               }, 
               "O1": {
                    "interruptions": {}, 
                    "_class": "Dream.Operator", 
                    "capacity": "1", 
                    "name": "Operator1", 
                    "schedulingRule": "Priority"
               }, 
               "QIM": {
                    "capacity": "-1", 
                    "name": "Queue Mould Injection", 
                    "isDummy": "0", 
                    "interruptions": {}, 
                    "_class": "Dream.ConditionalBuffer", 
                    "schedulingRule": "Priority"
               }, 
               "MILL2": {
                    "interruptions": {}, 
                    "_class": "Dream.MachineJobShop", 
                    "name": "Milling 2", 
                    "operationType": "Load"
               }, 
               "MILL1": {
                    "interruptions": {}, 
                    "_class": "Dream.MachineJobShop", 
                    "name": "Milling 1", 
                    "operationType": "Load"
               }, 
               "AB1": {
                    "capacity": "-1", 
                    "name": "Assembly Buffer", 
                    "isDummy": "0", 
                    "interruptions": {}, 
                    "_class": "Dream.MouldAssemblyBuffer", 
                    "id": "AB1", 
                    "schedulingRule": "Priority"
               }, 
               "QMILL": {
                    "interruptions": {}, 
                    "_class": "Dream.ConditionalBuffer", 
                    "capacity": "-1", 
                    "name": "Queue Milling", 
                    "isDummy": "0"
               }, 
               "QCAM": {
                    "capacity": "-1", 
                    "name": "Queue CAM", 
                    "isDummy": "0", 
                    "interruptions": {}, 
                    "_class": "Dream.ConditionalBuffer", 
                    "schedulingRule": "Priority"
               }, 
               "QEDM": {
                    "capacity": "-1", 
                    "name": "Queue EDM", 
                    "isDummy": "0", 
                    "interruptions": {}, 
                    "_class": "Dream.ConditionalBuffer", 
                    "schedulingRule": "Priority"
               }, 
               "E1": {
                    "interruptions": {}, 
                    "_class": "Dream.ExitJobShop", 
                    "name": "Exit"
               }, 
               "OD0": {
                    "interruptions": {}, 
                    "_class": "Dream.OrderDecomposition", 
                    "name": "Order Decomposition"
               }, 
               "CAM2": {
                    "interruptions": {}, 
                    "_class": "Dream.MachineJobShop", 
                    "name": "CAM Design 2", 
                    "operationType": "Load"
               }, 
               "CAM1": {
                    "interruptions": {}, 
                    "_class": "Dream.MachineJobShop", 
                    "name": "CAM Design 1", 
                    "operationType": "Load"
               }, 
               "IM": {
                    "interruptions": {}, 
                    "_class": "Dream.MachineJobShop", 
                    "name": "Mould Injection", 
                    "operationType": "Load"
               }, 
               "CAD1": {
                    "interruptions": {}, 
                    "_class": "Dream.MachineJobShop", 
                    "name": "CAD Design 1", 
                    "operationType": "Load"
               }, 
               "CAD2": {
                    "interruptions": {}, 
                    "_class": "Dream.MachineJobShop", 
                    "name": "CAD Design 2", 
                    "operationType": "Load"
               }, 
               "EDM": {
                    "interruptions": {}, 
                    "_class": "Dream.MachineJobShop", 
                    "name": "EDM", 
                    "operationType": "Load"
               }
          }, 
          "edge": {
               "11": {
                    "source": "OP1", 
                    "destination": "MA2", 
                    "data": {}, 
                    "_class": "Dream.Edge"
               }, 
               "10": {
                    "source": "OP1", 
                    "destination": "MA1", 
                    "data": {}, 
                    "_class": "Dream.Edge"
               }, 
               "13": {
                    "source": "OP1", 
                    "destination": "IM", 
                    "data": {}, 
                    "_class": "Dream.Edge"
               }, 
               "12": {
                    "source": "OP1", 
                    "destination": "MA3", 
                    "data": {}, 
                    "_class": "Dream.Edge"
               }, 
               "1": {
                    "source": "O2", 
                    "destination": "OP1", 
                    "data": {}, 
                    "_class": "Dream.Edge"
               }, 
               "0": {
                    "source": "O1", 
                    "destination": "OP1", 
                    "data": {}, 
                    "_class": "Dream.Edge"
               }, 
               "3": {
                    "source": "OP1", 
                    "destination": "CAD1", 
                    "data": {}, 
                    "_class": "Dream.Edge"
               }, 
               "2": {
                    "source": "O3", 
                    "destination": "OP1", 
                    "data": {}, 
                    "_class": "Dream.Edge"
               }, 
               "5": {
                    "source": "OP1", 
                    "destination": "CAM1", 
                    "data": {}, 
                    "_class": "Dream.Edge"
               }, 
               "4": {
                    "source": "OP1", 
                    "destination": "CAD2", 
                    "data": {}, 
                    "_class": "Dream.Edge"
               }, 
               "7": {
                    "source": "OP1", 
                    "destination": "MILL1", 
                    "data": {}, 
                    "_class": "Dream.Edge"
               }, 
               "6": {
                    "source": "OP1", 
                    "destination": "CAM2", 
                    "data": {}, 
                    "_class": "Dream.Edge"
               }, 
               "9": {
                    "source": "OP1", 
                    "destination": "EDM", 
                    "data": {}, 
                    "_class": "Dream.Edge"
               }, 
               "8": {
                    "source": "OP1", 
                    "destination": "MILL2", 
                    "data": {}, 
                    "_class": "Dream.Edge"
               }
          }
     }, 
     "_class": "Dream.Simulation", 
     "input": {
          "BOM": {
               "productionOrders": [
                    {
                         "priority": "1", 
                         "componentsList": [
                              {
                                   "route": [
                                        {
                                             "stationIdsList": [
                                                  "Q0"
                                             ], 
                                             "sequence": "1"
                                        }, 
                                        {
                                             "sequence": "1", 
                                             "setupTime": {
                                                  "Fixed": {
                                                       "mean": 0.5
                                                  }
                                             }, 
                                             "processingTime": {
                                                  "Fixed": {
                                                       "mean": 1
                                                  }
                                             }, 
                                             "operator": "O1", 
                                             "operationType": {
                                                  "Setup": 1, 
                                                  "Processing": 1
                                             }, 
                                             "stationIdsList": [
                                                  "CAD1", 
                                                  "CAD2"
                                             ]
                                        }
                                   ], 
                                   "_class": "Dream.OrderDesign", 
                                   "id": "OD1", 
                                   "name": "OrderDesign1"
                              }, 
                              {
                                   "componentType": "Mold Base", 
                                   "route": [
                                        {
                                             "stationIdsList": [
                                                  "OD0"
                                             ], 
                                             "sequence": ""
                                        }, 
                                        {
                                             "stationIdsList": [
                                                  "QCAM"
                                             ], 
                                             "sequence": "2"
                                        }, 
                                        {
                                             "sequence": "2", 
                                             "setupTime": {
                                                  "Fixed": {
                                                       "mean": 0.5
                                                  }
                                             }, 
                                             "processingTime": {
                                                  "Fixed": {
                                                       "mean": 2
                                                  }
                                             }, 
                                             "operator": "O1", 
                                             "operationType": {
                                                  "Setup": 1, 
                                                  "Processing": 1
                                             }, 
                                             "stationIdsList": [
                                                  "CAM1", 
                                                  "CAM2"
                                             ]
                                        }, 
                                        {
                                             "stationIdsList": [
                                                  "QMILL"
                                             ], 
                                             "sequence": "3"
                                        }, 
                                        {
                                             "sequence": "3", 
                                             "setupTime": {
                                                  "Fixed": {
                                                       "mean": 0.5
                                                  }
                                             }, 
                                             "processingTime": {
                                                  "Fixed": {
                                                       "mean": 2
                                                  }
                                             }, 
                                             "operator": "O1", 
                                             "operationType": {
                                                  "Setup": 1, 
                                                  "Processing": 1
                                             }, 
                                             "stationIdsList": [
                                                  "MILL1", 
                                                  "MILL2"
                                             ]
                                        }, 
                                        {
                                             "stationIdsList": [
                                                  "QEDM"
                                             ], 
                                             "sequence": "4"
                                        }, 
                                        {
                                             "sequence": "4", 
                                             "setupTime": {
                                                  "Fixed": {
                                                       "mean": 0.5
                                                  }
                                             }, 
                                             "processingTime": {
                                                  "Fixed": {
                                                       "mean": 2
                                                  }
                                             }, 
                                             "operator": "O1", 
                                             "operationType": {
                                                  "Setup": 1, 
                                                  "Processing": 1
                                             }, 
                                             "stationIdsList": [
                                                  "EDM"
                                             ]
                                        }, 
                                        {
                                             "stationIdsList": [
                                                  "AB1"
                                             ], 
                                             "sequence": "6"
                                        }, 
                                        {
                                             "stationIdsList": [
                                                  "MA1", 
                                                  "MA2", 
                                                  "MA3"
                                             ], 
                                             "sequence": "6"
                                        }
                                   ], 
                                   "_class": "Dream.OrderComponent", 
                                   "id": "C1O1", 
                                   "name": "Component1 from Order1"
                              }, 
                              {
                                   "componentType": "Misc", 
                                   "route": [
                                        {
                                             "stationIdsList": [
                                                  "OD0"
                                             ], 
                                             "sequence": ""
                                        }, 
                                        {
                                             "stationIdsList": [
                                                  "QCAM"
                                             ], 
                                             "sequence": "3"
                                        }, 
                                        {
                                             "sequence": "3", 
                                             "setupTime": {
                                                  "Fixed": {
                                                       "mean": 0.6
                                                  }
                                             }, 
                                             "processingTime": {
                                                  "Fixed": {
                                                       "mean": 1
                                                  }
                                             }, 
                                             "operator": "O1", 
                                             "operationType": {
                                                  "Setup": 1, 
                                                  "Processing": 1
                                             }, 
                                             "stationIdsList": [
                                                  "CAM1", 
                                                  "CAM2"
                                             ]
                                        }, 
                                        {
                                             "stationIdsList": [
                                                  "QMILL"
                                             ], 
                                             "sequence": "4"
                                        }, 
                                        {
                                             "sequence": "4", 
                                             "setupTime": {
                                                  "Fixed": {
                                                       "mean": 0.4
                                                  }
                                             }, 
                                             "processingTime": {
                                                  "Fixed": {
                                                       "mean": 4
                                                  }
                                             }, 
                                             "operator": "O1", 
                                             "operationType": {
                                                  "Setup": 1, 
                                                  "Processing": 1
                                             }, 
                                             "stationIdsList": [
                                                  "MILL1", 
                                                  "MILL2"
                                             ]
                                        }, 
                                        {
                                             "stationIdsList": [
                                                  "QEDM"
                                             ], 
                                             "sequence": "5"
                                        }, 
                                        {
                                             "sequence": "5", 
                                             "setupTime": {
                                                  "Fixed": {
                                                       "mean": 0.6
                                                  }
                                             }, 
                                             "processingTime": {
                                                  "Fixed": {
                                                       "mean": 1
                                                  }
                                             }, 
                                             "operator": "O1", 
                                             "operationType": {
                                                  "Setup": 1, 
                                                  "Processing": 1
                                             }, 
                                             "stationIdsList": [
                                                  "EDM"
                                             ]
                                        }, 
                                        {
                                             "stationIdsList": [
                                                  "AB1"
                                             ], 
                                             "sequence": "6"
                                        }, 
                                        {
                                             "stationIdsList": [
                                                  "MA1", 
                                                  "MA2", 
                                                  "MA3"
                                             ], 
                                             "sequence": "6"
                                        }
                                   ], 
                                   "_class": "Dream.OrderComponent", 
                                   "id": "C2O1", 
                                   "name": "Component2 from Order1"
                              }, 
                              {
                                   "route": [
                                        {
                                             "operator": "O1", 
                                             "stationIdsList": [
                                                  "MA1", 
                                                  "MA2", 
                                                  "MA3"
                                             ], 
                                             "processingTime": {
                                                  "Fixed": {
                                                       "mean": 1
                                                  }
                                             }, 
                                             "operationType": {
                                                  "Processing": 1
                                             }, 
                                             "sequence": "6"
                                        }, 
                                        {
                                             "stationIdsList": [
                                                  "QIM"
                                             ], 
                                             "sequence": "7"
                                        }, 
                                        {
                                             "sequence": "7", 
                                             "setupTime": {
                                                  "Fixed": {
                                                       "mean": 0.5
                                                  }
                                             }, 
                                             "processingTime": {
                                                  "Fixed": {
                                                       "mean": 2
                                                  }
                                             }, 
                                             "operator": "O1", 
                                             "operationType": {
                                                  "Setup": 1, 
                                                  "Processing": 0
                                             }, 
                                             "stationIdsList": [
                                                  "IM"
                                             ]
                                        }, 
                                        {
                                             "stationIdsList": [
                                                  "E1"
                                             ], 
                                             "sequence": "8"
                                        }
                                   ], 
                                   "_class": "Dream.Mould", 
                                   "id": "M1O1", 
                                   "name": "Mould1 from Order1"
                              }
                         ], 
                         "_class": "Dream.Order", 
                         "name": "Order1", 
                         "id": "O1"
                    }, 
                    {
                         "priority": "2", 
                         "componentsList": [
                              {
                                   "route": [
                                        {
                                             "stationIdsList": [
                                                  "Q0"
                                             ], 
                                             "sequence": "1"
                                        }, 
                                        {
                                             "sequence": "1", 
                                             "setupTime": {
                                                  "Fixed": {
                                                       "mean": 0.7
                                                  }
                                             }, 
                                             "processingTime": {
                                                  "Fixed": {
                                                       "mean": 1.4
                                                  }
                                             }, 
                                             "operator": "O2", 
                                             "operationType": {
                                                  "Setup": 1, 
                                                  "Processing": 1
                                             }, 
                                             "stationIdsList": [
                                                  "CAD1", 
                                                  "CAD2"
                                             ]
                                        }
                                   ], 
                                   "_class": "Dream.OrderDesign", 
                                   "id": "OD2", 
                                   "name": "OrderDesign2"
                              }, 
                              {
                                   "componentType": "Z-Standards", 
                                   "route": [
                                        {
                                             "stationIdsList": [
                                                  "OD0"
                                             ], 
                                             "sequence": ""
                                        }, 
                                        {
                                             "stationIdsList": [
                                                  "QCAM"
                                             ], 
                                             "sequence": "2"
                                        }, 
                                        {
                                             "sequence": "2", 
                                             "setupTime": {
                                                  "Fixed": {
                                                       "mean": 0.1
                                                  }
                                             }, 
                                             "processingTime": {
                                                  "Fixed": {
                                                       "mean": 0.3
                                                  }
                                             }, 
                                             "operator": "O2", 
                                             "operationType": {
                                                  "Setup": 1, 
                                                  "Processing": 1
                                             }, 
                                             "stationIdsList": [
                                                  "CAM1", 
                                                  "CAM2"
                                             ]
                                        }, 
                                        {
                                             "stationIdsList": [
                                                  "QMILL"
                                             ], 
                                             "sequence": "3"
                                        }, 
                                        {
                                             "sequence": "3", 
                                             "setupTime": {
                                                  "Fixed": {
                                                       "mean": 1.2
                                                  }
                                             }, 
                                             "processingTime": {
                                                  "Fixed": {
                                                       "mean": 3
                                                  }
                                             }, 
                                             "operator": "O2", 
                                             "operationType": {
                                                  "Setup": 1, 
                                                  "Processing": 1
                                             }, 
                                             "stationIdsList": [
                                                  "MILL1", 
                                                  "MILL2"
                                             ]
                                        }, 
                                        {
                                             "stationIdsList": [
                                                  "QEDM"
                                             ], 
                                             "sequence": "4"
                                        }, 
                                        {
                                             "sequence": "4", 
                                             "setupTime": {
                                                  "Fixed": {
                                                       "mean": 0.3
                                                  }
                                             }, 
                                             "processingTime": {
                                                  "Fixed": {
                                                       "mean": 0.9
                                                  }
                                             }, 
                                             "operator": "O2", 
                                             "operationType": {
                                                  "Setup": 1, 
                                                  "Processing": 1
                                             }, 
                                             "stationIdsList": [
                                                  "EDM"
                                             ]
                                        }, 
                                        {
                                             "stationIdsList": [
                                                  "AB1"
                                             ], 
                                             "sequence": "7"
                                        }, 
                                        {
                                             "stationIdsList": [
                                                  "MA1", 
                                                  "MA2", 
                                                  "MA3"
                                             ], 
                                             "sequence": "7"
                                        }
                                   ], 
                                   "_class": "Dream.OrderComponent", 
                                   "id": "C1O2", 
                                   "name": "Component1 from Order2"
                              }, 
                              {
                                   "componentType": "Mold Base", 
                                   "route": [
                                        {
                                             "stationIdsList": [
                                                  "OD0"
                                             ], 
                                             "sequence": ""
                                        }, 
                                        {
                                             "stationIdsList": [
                                                  "QCAM"
                                             ], 
                                             "sequence": "3"
                                        }, 
                                        {
                                             "sequence": "3", 
                                             "setupTime": {
                                                  "Fixed": {
                                                       "mean": 0.2
                                                  }
                                             }, 
                                             "processingTime": {
                                                  "Fixed": {
                                                       "mean": 0.8
                                                  }
                                             }, 
                                             "operator": "O2", 
                                             "operationType": {
                                                  "Setup": 1, 
                                                  "Processing": 1
                                             }, 
                                             "stationIdsList": [
                                                  "CAM1", 
                                                  "CAM2"
                                             ]
                                        }, 
                                        {
                                             "stationIdsList": [
                                                  "QMILL"
                                             ], 
                                             "sequence": "4"
                                        }, 
                                        {
                                             "sequence": "4", 
                                             "setupTime": {
                                                  "Fixed": {
                                                       "mean": 0.1
                                                  }
                                             }, 
                                             "processingTime": {
                                                  "Fixed": {
                                                       "mean": 0.4
                                                  }
                                             }, 
                                             "operator": "O2", 
                                             "operationType": {
                                                  "Setup": 1, 
                                                  "Processing": 1
                                             }, 
                                             "stationIdsList": [
                                                  "MILL1", 
                                                  "MILL2"
                                             ]
                                        }, 
                                        {
                                             "stationIdsList": [
                                                  "QEDM"
                                             ], 
                                             "sequence": "5"
                                        }, 
                                        {
                                             "sequence": "5", 
                                             "setupTime": {
                                                  "Fixed": {
                                                       "mean": 0.3
                                                  }
                                             }, 
                                             "processingTime": {
                                                  "Fixed": {
                                                       "mean": 1.4
                                                  }
                                             }, 
                                             "operator": "O2", 
                                             "operationType": {
                                                  "Setup": 1, 
                                                  "Processing": 1
                                             }, 
                                             "stationIdsList": [
                                                  "EDM"
                                             ]
                                        }, 
                                        {
                                             "stationIdsList": [
                                                  "AB1"
                                             ], 
                                             "sequence": "7"
                                        }, 
                                        {
                                             "stationIdsList": [
                                                  "MA1", 
                                                  "MA2", 
                                                  "MA3"
                                             ], 
                                             "sequence": "7"
                                        }
                                   ], 
                                   "_class": "Dream.OrderComponent", 
                                   "id": "C2O2", 
                                   "name": "Component2 from Order2"
                              }, 
                              {
                                   "route": [
                                        {
                                             "operator": "O2", 
                                             "stationIdsList": [
                                                  "MA1", 
                                                  "MA2", 
                                                  "MA3"
                                             ], 
                                             "processingTime": {
                                                  "Fixed": {
                                                       "mean": 2
                                                  }
                                             }, 
                                             "operationType": {
                                                  "Processing": 1
                                             }, 
                                             "sequence": "7"
                                        }, 
                                        {
                                             "stationIdsList": [
                                                  "QIM"
                                             ], 
                                             "sequence": "8"
                                        }, 
                                        {
                                             "sequence": "8", 
                                             "setupTime": {
                                                  "Fixed": {
                                                       "mean": 0.1
                                                  }
                                             }, 
                                             "processingTime": {
                                                  "Fixed": {
                                                       "mean": 0.7
                                                  }
                                             }, 
                                             "operator": "O2", 
                                             "operationType": {
                                                  "Setup": 1, 
                                                  "Processing": 0
                                             }, 
                                             "stationIdsList": [
                                                  "IM"
                                             ]
                                        }, 
                                        {
                                             "stationIdsList": [
                                                  "E1"
                                             ], 
                                             "sequence": "9"
                                        }
                                   ], 
                                   "_class": "Dream.Mould", 
                                   "id": "M1O2", 
                                   "name": "Mould1 from Order2"
                              }
                         ], 
                         "_class": "Dream.Order", 
                         "name": "Order2", 
                         "id": "O2"
                    }, 
                    {
                         "priority": "2", 
                         "componentsList": [
                              {
                                   "route": [
                                        {
                                             "stationIdsList": [
                                                  "Q0"
                                             ], 
                                             "sequence": "1"
                                        }, 
                                        {
                                             "sequence": "1", 
                                             "setupTime": {
                                                  "Fixed": {
                                                       "mean": 0.7
                                                  }
                                             }, 
                                             "processingTime": {
                                                  "Fixed": {
                                                       "mean": 1.4
                                                  }
                                             }, 
                                             "operator": "O3", 
                                             "operationType": {
                                                  "Setup": 1, 
                                                  "Processing": 1
                                             }, 
                                             "stationIdsList": [
                                                  "CAD1", 
                                                  "CAD2"
                                             ]
                                        }
                                   ], 
                                   "_class": "Dream.OrderDesign", 
                                   "id": "OD3", 
                                   "name": "OrderDesign3"
                              }, 
                              {
                                   "componentType": "Mold Base", 
                                   "route": [
                                        {
                                             "stationIdsList": [
                                                  "OD0"
                                             ], 
                                             "sequence": ""
                                        }, 
                                        {
                                             "stationIdsList": [
                                                  "QCAM"
                                             ], 
                                             "sequence": "2"
                                        }, 
                                        {
                                             "sequence": "2", 
                                             "setupTime": {
                                                  "Fixed": {
                                                       "mean": 0.1
                                                  }
                                             }, 
                                             "processingTime": {
                                                  "Fixed": {
                                                       "mean": 0.3
                                                  }
                                             }, 
                                             "operator": "O3", 
                                             "operationType": {
                                                  "Setup": 1, 
                                                  "Processing": 1
                                             }, 
                                             "stationIdsList": [
                                                  "CAM1", 
                                                  "CAM2"
                                             ]
                                        }, 
                                        {
                                             "stationIdsList": [
                                                  "QMILL"
                                             ], 
                                             "sequence": "3"
                                        }, 
                                        {
                                             "sequence": "3", 
                                             "setupTime": {
                                                  "Fixed": {
                                                       "mean": 1.2
                                                  }
                                             }, 
                                             "processingTime": {
                                                  "Fixed": {
                                                       "mean": 3
                                                  }
                                             }, 
                                             "operator": "O3", 
                                             "operationType": {
                                                  "Setup": 1, 
                                                  "Processing": 1
                                             }, 
                                             "stationIdsList": [
                                                  "MILL1", 
                                                  "MILL2"
                                             ]
                                        }, 
                                        {
                                             "stationIdsList": [
                                                  "QEDM"
                                             ], 
                                             "sequence": "4"
                                        }, 
                                        {
                                             "sequence": "4", 
                                             "setupTime": {
                                                  "Fixed": {
                                                       "mean": 0.3
                                                  }
                                             }, 
                                             "processingTime": {
                                                  "Fixed": {
                                                       "mean": 0.9
                                                  }
                                             }, 
                                             "operator": "O3", 
                                             "operationType": {
                                                  "Setup": 1, 
                                                  "Processing": 1
                                             }, 
                                             "stationIdsList": [
                                                  "EDM"
                                             ]
                                        }, 
                                        {
                                             "stationIdsList": [
                                                  "AB1"
                                             ], 
                                             "sequence": "5"
                                        }, 
                                        {
                                             "stationIdsList": [
                                                  "MA1", 
                                                  "MA2", 
                                                  "MA3"
                                             ], 
                                             "sequence": "5"
                                        }
                                   ], 
                                   "_class": "Dream.OrderComponent", 
                                   "id": "C1O3", 
                                   "name": "Component1 from Order3"
                              }, 
                              {
                                   "componentType": "Mold Insert", 
                                   "route": [
                                        {
                                             "stationIdsList": [
                                                  "OD0"
                                             ], 
                                             "sequence": ""
                                        }, 
                                        {
                                             "stationIdsList": [
                                                  "QCAM"
                                             ], 
                                             "sequence": "2"
                                        }, 
                                        {
                                             "sequence": "2", 
                                             "setupTime": {
                                                  "Fixed": {
                                                       "mean": 0.2
                                                  }
                                             }, 
                                             "processingTime": {
                                                  "Fixed": {
                                                       "mean": 0.8
                                                  }
                                             }, 
                                             "operator": "O3", 
                                             "operationType": {
                                                  "Setup": 1, 
                                                  "Processing": 1
                                             }, 
                                             "stationIdsList": [
                                                  "CAM1", 
                                                  "CAM2"
                                             ]
                                        }, 
                                        {
                                             "stationIdsList": [
                                                  "QMILL"
                                             ], 
                                             "sequence": "3"
                                        }, 
                                        {
                                             "sequence": "3", 
                                             "setupTime": {
                                                  "Fixed": {
                                                       "mean": 0.1
                                                  }
                                             }, 
                                             "processingTime": {
                                                  "Fixed": {
                                                       "mean": 0.4
                                                  }
                                             }, 
                                             "operator": "O3", 
                                             "operationType": {
                                                  "Setup": 1, 
                                                  "Processing": 1
                                             }, 
                                             "stationIdsList": [
                                                  "MILL1", 
                                                  "MILL2"
                                             ]
                                        }, 
                                        {
                                             "stationIdsList": [
                                                  "QEDM"
                                             ], 
                                             "sequence": "4"
                                        }, 
                                        {
                                             "sequence": "4", 
                                             "setupTime": {
                                                  "Fixed": {
                                                       "mean": 0.3
                                                  }
                                             }, 
                                             "processingTime": {
                                                  "Fixed": {
                                                       "mean": 1.4
                                                  }
                                             }, 
                                             "operator": "O3", 
                                             "operationType": {
                                                  "Setup": 1, 
                                                  "Processing": 1
                                             }, 
                                             "stationIdsList": [
                                                  "EDM"
                                             ]
                                        }, 
                                        {
                                             "stationIdsList": [
                                                  "AB1"
                                             ], 
                                             "sequence": "5"
                                        }, 
                                        {
                                             "stationIdsList": [
                                                  "MA1", 
                                                  "MA2", 
                                                  "MA3"
                                             ], 
                                             "sequence": "5"
                                        }
                                   ], 
                                   "_class": "Dream.OrderComponent", 
                                   "id": "C2O3", 
                                   "name": "Component2 from Order3"
                              }, 
                              {
                                   "route": [
                                        {
                                             "operator": "O3", 
                                             "stationIdsList": [
                                                  "MA1", 
                                                  "MA2", 
                                                  "MA3"
                                             ], 
                                             "processingTime": {
                                                  "Fixed": {
                                                       "mean": 2
                                                  }
                                             }, 
                                             "operationType": {
                                                  "Processing": 1
                                             }, 
                                             "sequence": "5"
                                        }, 
                                        {
                                             "stationIdsList": [
                                                  "QIM"
                                             ], 
                                             "sequence": "6"
                                        }, 
                                        {
                                             "sequence": "6", 
                                             "setupTime": {
                                                  "Fixed": {
                                                       "mean": 0.1
                                                  }
                                             }, 
                                             "processingTime": {
                                                  "Fixed": {
                                                       "mean": 0.7
                                                  }
                                             }, 
                                             "operator": "O3", 
                                             "operationType": {
                                                  "Setup": 1, 
                                                  "Processing": 0
                                             }, 
                                             "stationIdsList": [
                                                  "IM"
                                             ]
                                        }, 
                                        {
                                             "stationIdsList": [
                                                  "E1"
                                             ], 
                                             "sequence": "7"
                                        }
                                   ], 
                                   "_class": "Dream.Mould", 
                                   "id": "M1O3", 
                                   "name": "Mould1 from Order3"
                              }
                         ], 
                         "_class": "Dream.Order", 
                         "name": "Order3", 
                         "id": "O3"
                    }, 
                    {
                         "priority": "2", 
                         "componentsList": [
                              {
                                   "route": [
                                        {
                                             "stationIdsList": [
                                                  "Q0"
                                             ], 
                                             "sequence": "1"
                                        }, 
                                        {
                                             "sequence": "1", 
                                             "setupTime": {
                                                  "Fixed": {
                                                       "mean": 0.7
                                                  }
                                             }, 
                                             "processingTime": {
                                                  "Fixed": {
                                                       "mean": 1.4
                                                  }
                                             }, 
                                             "operator": "O3", 
                                             "operationType": {
                                                  "Setup": 1, 
                                                  "Processing": 1
                                             }, 
                                             "stationIdsList": [
                                                  "CAD1", 
                                                  "CAD2"
                                             ]
                                        }
                                   ], 
                                   "_class": "Dream.OrderDesign", 
                                   "id": "OD4", 
                                   "name": "OrderDesign4"
                              }, 
                              {
                                   "componentType": "Misc", 
                                   "route": [
                                        {
                                             "stationIdsList": [
                                                  "OD0"
                                             ], 
                                             "sequence": ""
                                        }, 
                                        {
                                             "stationIdsList": [
                                                  "QCAM"
                                             ], 
                                             "sequence": "2"
                                        }, 
                                        {
                                             "sequence": "2", 
                                             "setupTime": {
                                                  "Fixed": {
                                                       "mean": 0.1
                                                  }
                                             }, 
                                             "processingTime": {
                                                  "Fixed": {
                                                       "mean": 0.3
                                                  }
                                             }, 
                                             "operator": "O3", 
                                             "operationType": {
                                                  "Setup": 1, 
                                                  "Processing": 1
                                             }, 
                                             "stationIdsList": [
                                                  "CAM1", 
                                                  "CAM2"
                                             ]
                                        }, 
                                        {
                                             "stationIdsList": [
                                                  "QMILL"
                                             ], 
                                             "sequence": "3"
                                        }, 
                                        {
                                             "sequence": "3", 
                                             "setupTime": {
                                                  "Fixed": {
                                                       "mean": 1.2
                                                  }
                                             }, 
                                             "processingTime": {
                                                  "Fixed": {
                                                       "mean": 3
                                                  }
                                             }, 
                                             "operator": "O3", 
                                             "operationType": {
                                                  "Setup": 1, 
                                                  "Processing": 1
                                             }, 
                                             "stationIdsList": [
                                                  "MILL1", 
                                                  "MILL2"
                                             ]
                                        }, 
                                        {
                                             "stationIdsList": [
                                                  "QEDM"
                                             ], 
                                             "sequence": "4"
                                        }, 
                                        {
                                             "sequence": "4", 
                                             "setupTime": {
                                                  "Fixed": {
                                                       "mean": 0.3
                                                  }
                                             }, 
                                             "processingTime": {
                                                  "Fixed": {
                                                       "mean": 0.9
                                                  }
                                             }, 
                                             "operator": "O3", 
                                             "operationType": {
                                                  "Setup": 1, 
                                                  "Processing": 1
                                             }, 
                                             "stationIdsList": [
                                                  "EDM"
                                             ]
                                        }, 
                                        {
                                             "stationIdsList": [
                                                  "AB1"
                                             ], 
                                             "sequence": "5"
                                        }, 
                                        {
                                             "stationIdsList": [
                                                  "MA1", 
                                                  "MA2", 
                                                  "MA3"
                                             ], 
                                             "sequence": "5"
                                        }
                                   ], 
                                   "_class": "Dream.OrderComponent", 
                                   "id": "C1O4", 
                                   "name": "Component1 from Order4"
                              }, 
                              {
                                   "componentType": "Mold Base", 
                                   "route": [
                                        {
                                             "stationIdsList": [
                                                  "OD0"
                                             ], 
                                             "sequence": ""
                                        }, 
                                        {
                                             "stationIdsList": [
                                                  "QCAM"
                                             ], 
                                             "sequence": "2"
                                        }, 
                                        {
                                             "sequence": "2", 
                                             "setupTime": {
                                                  "Fixed": {
                                                       "mean": 0.2
                                                  }
                                             }, 
                                             "processingTime": {
                                                  "Fixed": {
                                                       "mean": 0.8
                                                  }
                                             }, 
                                             "operator": "O3", 
                                             "operationType": {
                                                  "Setup": 1, 
                                                  "Processing": 1
                                             }, 
                                             "stationIdsList": [
                                                  "CAM1", 
                                                  "CAM2"
                                             ]
                                        }, 
                                        {
                                             "operator": "O3", 
                                             "stationIdsList": [
                                                  "QMILL"
                                             ], 
                                             "sequence": "3"
                                        }, 
                                        {
                                             "stationIdsList": [
                                                  "MILL1", 
                                                  "MILL2"
                                             ], 
                                             "processingTime": {
                                                  "Fixed": {
                                                       "mean": 0.4
                                                  }
                                             }, 
                                             "setupTime": {
                                                  "Fixed": {
                                                       "mean": 0.1
                                                  }
                                             }, 
                                             "operationType": {
                                                  "Setup": 1, 
                                                  "Processing": 1
                                             }, 
                                             "sequence": "3"
                                        }, 
                                        {
                                             "stationIdsList": [
                                                  "QEDM"
                                             ], 
                                             "sequence": "4"
                                        }, 
                                        {
                                             "sequence": "4", 
                                             "setupTime": {
                                                  "Fixed": {
                                                       "mean": 0.3
                                                  }
                                             }, 
                                             "processingTime": {
                                                  "Fixed": {
                                                       "mean": 1.4
                                                  }
                                             }, 
                                             "operator": "O3", 
                                             "operationType": {
                                                  "Setup": 1, 
                                                  "Processing": 1
                                             }, 
                                             "stationIdsList": [
                                                  "EDM"
                                             ]
                                        }, 
                                        {
                                             "stationIdsList": [
                                                  "AB1"
                                             ], 
                                             "sequence": "5"
                                        }, 
                                        {
                                             "stationIdsList": [
                                                  "MA1", 
                                                  "MA2", 
                                                  "MA3"
                                             ], 
                                             "sequence": "5"
                                        }
                                   ], 
                                   "_class": "Dream.OrderComponent", 
                                   "id": "C2O4", 
                                   "name": "Component2 from Order4"
                              }, 
                              {
                                   "componentType": "Slider", 
                                   "route": [
                                        {
                                             "stationIdsList": [
                                                  "OD0"
                                             ], 
                                             "sequence": ""
                                        }, 
                                        {
                                             "stationIdsList": [
                                                  "QCAM"
                                             ], 
                                             "sequence": "2"
                                        }, 
                                        {
                                             "sequence": "2", 
                                             "setupTime": {
                                                  "Fixed": {
                                                       "mean": 0.2
                                                  }
                                             }, 
                                             "processingTime": {
                                                  "Fixed": {
                                                       "mean": 0.8
                                                  }
                                             }, 
                                             "operator": "O3", 
                                             "operationType": {
                                                  "Setup": 1, 
                                                  "Processing": 1
                                             }, 
                                             "stationIdsList": [
                                                  "CAM1", 
                                                  "CAM2"
                                             ]
                                        }, 
                                        {
                                             "stationIdsList": [
                                                  "QMILL"
                                             ], 
                                             "sequence": "3"
                                        }, 
                                        {
                                             "sequence": "3", 
                                             "setupTime": {
                                                  "Fixed": {
                                                       "mean": 0.1
                                                  }
                                             }, 
                                             "processingTime": {
                                                  "Fixed": {
                                                       "mean": 0.4
                                                  }
                                             }, 
                                             "operator": "O3", 
                                             "operationType": {
                                                  "Setup": 1, 
                                                  "Processing": 1
                                             }, 
                                             "stationIdsList": [
                                                  "MILL1", 
                                                  "MILL2"
                                             ]
                                        }, 
                                        {
                                             "stationIdsList": [
                                                  "QEDM"
                                             ], 
                                             "sequence": "4"
                                        }, 
                                        {
                                             "sequence": "4", 
                                             "setupTime": {
                                                  "Fixed": {
                                                       "mean": 0.3
                                                  }
                                             }, 
                                             "processingTime": {
                                                  "Fixed": {
                                                       "mean": 1.4
                                                  }
                                             }, 
                                             "operator": "O3", 
                                             "operationType": {
                                                  "Setup": 1, 
                                                  "Processing": 1
                                             }, 
                                             "stationIdsList": [
                                                  "EDM"
                                             ]
                                        }, 
                                        {
                                             "stationIdsList": [
                                                  "AB1"
                                             ], 
                                             "sequence": "5"
                                        }, 
                                        {
                                             "stationIdsList": [
                                                  "MA1", 
                                                  "MA2", 
                                                  "MA3"
                                             ], 
                                             "sequence": "5"
                                        }
                                   ], 
                                   "_class": "Dream.OrderComponent", 
                                   "id": "C3O4", 
                                   "name": "Component3 from Order4"
                              }, 
                              {
                                   "route": [
                                        {
                                             "operator": "O3", 
                                             "stationIdsList": [
                                                  "MA1", 
                                                  "MA2", 
                                                  "MA3"
                                             ], 
                                             "processingTime": {
                                                  "Fixed": {
                                                       "mean": 2
                                                  }
                                             }, 
                                             "operationType": {
                                                  "Processing": 1
                                             }, 
                                             "sequence": "5"
                                        }, 
                                        {
                                             "stationIdsList": [
                                                  "QIM"
                                             ], 
                                             "sequence": "6"
                                        }, 
                                        {
                                             "sequence": "6", 
                                             "setupTime": {
                                                  "Fixed": {
                                                       "mean": 0.1
                                                  }
                                             }, 
                                             "processingTime": {
                                                  "Fixed": {
                                                       "mean": 0.7
                                                  }
                                             }, 
                                             "operator": "O3", 
                                             "operationType": {
                                                  "Setup": 1, 
                                                  "Processing": 0
                                             }, 
                                             "stationIdsList": [
                                                  "IM"
                                             ]
                                        }, 
                                        {
                                             "stationIdsList": [
                                                  "E1"
                                             ], 
                                             "sequence": "7"
                                        }
                                   ], 
                                   "_class": "Dream.Mould", 
                                   "id": "M1O4", 
                                   "name": "Mould1 from Order4"
                              }
                         ], 
                         "_class": "Dream.Order", 
                         "name": "Order4", 
                         "id": "O4"
                    }
               ]
          }
     }, 
     "general": {
          "console": "No", 
          "numberOfReplications": "1", 
          "trace": "No", 
          "confidenceLevel": "0.95", 
          "maxSimTime": "-1", 
          "_class": "Dream.Configuration"
     }
}