{
     "graph": {
          "node": {
               "Q1": {
                    "wip": [
                         {
                              "id": "C2", 
                              "sequence": "3"
                         }
                    ], 
                    "interruptions": {}, 
                    "_class": "Dream.ConditionalBuffer", 
                    "name": "Queue1", 
                    "isDummy": "0"
               }, 
               "MA1": {
                    "interruptions": {}, 
                    "_class": "Dream.MouldAssembly", 
                    "id": "MA1", 
                    "operationType": "Load", 
                    "name": "Assembly"
               }, 
               "OP1": {
                    "interruptions": {}, 
                    "_class": "Dream.OperatorPool", 
                    "capacity": 2, 
                    "name": "Operator Pool 1"
               }, 
               "Q0": {
                    "interruptions": {}, 
                    "_class": "Dream.ConditionalBuffer", 
                    "capacity": -1, 
                    "name": "StartQueue", 
                    "isDummy": "0"
               }, 
               "OD0": {
                    "interruptions": {}, 
                    "_class": "Dream.OrderDecomposition", 
                    "name": "Order Decomposition"
               }, 
               "AB1": {
                    "capacity": -1, 
                    "name": "Assembly Buffer", 
                    "isDummy": "0", 
                    "wip": [
                         {
                              "id": "C1", 
                              "sequence": "6"
                         }
                    ], 
                    "interruptions": {}, 
                    "_class": "Dream.MouldAssemblyBuffer", 
                    "id": "AB1"
               }, 
               "M1": {
                    "interruptions": {}, 
                    "_class": "Dream.MachineJobShop", 
                    "name": "Machine1", 
                    "operationType": "Load", 
                    "wip": [
                         {
                              "id": "C3", 
                              "remainingProcessingTime": {
                                   "Fixed": {
                                        "mean": 0.1
                                   }
                              }, 
                              "sequence": "4"
                         }
                    ]
               }, 
               "M0": {
                    "interruptions": {}, 
                    "_class": "Dream.MachineJobShop", 
                    "name": "Design", 
                    "operationType": "Load"
               }, 
               "M2": {
                    "interruptions": {}, 
                    "_class": "Dream.MachineJobShop", 
                    "name": "Machine2", 
                    "operationType": "Load"
               }, 
               "E1": {
                    "interruptions": {}, 
                    "_class": "Dream.ExitJobShop", 
                    "name": "Exit"
               }, 
               "O2": {
                    "interruptions": {}, 
                    "_class": "Dream.Operator", 
                    "capacity": 1, 
                    "name": "Operator2"
               }, 
               "O1": {
                    "interruptions": {}, 
                    "_class": "Dream.Operator", 
                    "capacity": 1, 
                    "name": "Operator1"
               }
          }, 
          "edge": {
               "1": {
                    "source": "O2", 
                    "destination": "OP1", 
                    "data": {}, 
                    "_class": "Dream.Edge"
               }, 
               "0": {
                    "source": "O1", 
                    "destination": "OP1", 
                    "data": {}, 
                    "_class": "Dream.Edge"
               }, 
               "3": {
                    "source": "OP1", 
                    "destination": "M1", 
                    "data": {}, 
                    "_class": "Dream.Edge"
               }, 
               "2": {
                    "source": "OP1", 
                    "destination": "M0", 
                    "data": {}, 
                    "_class": "Dream.Edge"
               }, 
               "5": {
                    "source": "OP1", 
                    "destination": "MA1", 
                    "data": {}, 
                    "_class": "Dream.Edge"
               }, 
               "4": {
                    "source": "OP1", 
                    "destination": "M2", 
                    "data": {}, 
                    "_class": "Dream.Edge"
               }
          }
     }, 
     "_class": "Dream.Simulation", 
     "input": {
          "BOM": {
               "productionOrders": [
                    {
                         "componentsList": [
                              {
                                   "route": [
                                        {
                                             "stationIdsList": [
                                                  "Q0"
                                             ], 
                                             "sequence": "1"
                                        }, 
                                        {
                                             "operator": "O1", 
                                             "processingTime": {
                                                  "Fixed": {
                                                       "mean": 1
                                                  }
                                             }, 
                                             "stationIdsList": [
                                                  "M0"
                                             ], 
                                             "operationType": {
                                                  "Processing": 1
                                             }, 
                                             "sequence": "1"
                                        }
                                   ], 
                                   "_class": "Dream.OrderDesign", 
                                   "id": "OD1", 
                                   "name": "OrderDesign1"
                              }, 
                              {
                                   "componentType": "Mold Insert", 
                                   "route": [
                                        {
                                             "stationIdsList": [
                                                  "OD0"
                                             ], 
                                             "sequence": ""
                                        }, 
                                        {
                                             "stationIdsList": [
                                                  "Q1"
                                             ], 
                                             "sequence": "2"
                                        }, 
                                        {
                                             "operator": "O1", 
                                             "processingTime": {
                                                  "Fixed": {
                                                       "mean": 2
                                                  }
                                             }, 
                                             "stationIdsList": [
                                                  "M1", 
                                                  "M2"
                                             ], 
                                             "operationType": {
                                                  "Processing": 1
                                             }, 
                                             "sequence": "2"
                                        }, 
                                        {
                                             "stationIdsList": [
                                                  "AB1"
                                             ], 
                                             "sequence": "6"
                                        }, 
                                        {
                                             "stationIdsList": [
                                                  "MA1"
                                             ], 
                                             "sequence": "6"
                                        }
                                   ], 
                                   "_class": "Dream.OrderComponent", 
                                   "id": "C1", 
                                   "name": "Component1"
                              }, 
                              {
                                   "componentType": "Misc", 
                                   "route": [
                                        {
                                             "stationIdsList": [
                                                  "OD0"
                                             ], 
                                             "sequence": ""
                                        }, 
                                        {
                                             "stationIdsList": [
                                                  "Q1"
                                             ], 
                                             "sequence": "3"
                                        }, 
                                        {
                                             "operator": "O1", 
                                             "processingTime": {
                                                  "Fixed": {
                                                       "mean": 1
                                                  }
                                             }, 
                                             "stationIdsList": [
                                                  "M1", 
                                                  "M2"
                                             ], 
                                             "operationType": {
                                                  "Processing": 1
                                             }, 
                                             "sequence": "3"
                                        }, 
                                        {
                                             "stationIdsList": [
                                                  "AB1"
                                             ], 
                                             "sequence": "6"
                                        }, 
                                        {
                                             "stationIdsList": [
                                                  "MA1"
                                             ], 
                                             "sequence": "6"
                                        }
                                   ], 
                                   "_class": "Dream.OrderComponent", 
                                   "id": "C2", 
                                   "name": "Component2"
                              }, 
                              {
                                   "componentType": "K-Standards", 
                                   "route": [
                                        {
                                             "stationIdsList": [
                                                  "OD0"
                                             ], 
                                             "sequence": ""
                                        }, 
                                        {
                                             "stationIdsList": [
                                                  "Q1"
                                             ], 
                                             "sequence": "4"
                                        }, 
                                        {
                                             "sequence": "4", 
                                             "requiredParts": [
                                                  "C2", 
                                                  "C1"
                                             ], 
                                             "processingTime": {
                                                  "Fixed": {
                                                       "mean": 3
                                                  }
                                             }, 
                                             "operator": "O1", 
                                             "operationType": {
                                                  "Processing": 1
                                             }, 
                                             "stationIdsList": [
                                                  "M1", 
                                                  "M2"
                                             ]
                                        }, 
                                        {
                                             "stationIdsList": [
                                                  "AB1"
                                             ], 
                                             "sequence": "6"
                                        }, 
                                        {
                                             "stationIdsList": [
                                                  "MA1"
                                             ], 
                                             "sequence": "6"
                                        }
                                   ], 
                                   "_class": "Dream.OrderComponent", 
                                   "id": "C3", 
                                   "name": "Component3"
                              }, 
                              {
                                   "route": [
                                        {
                                             "operator": "O2", 
                                             "processingTime": {
                                                  "Fixed": {
                                                       "mean": 1
                                                  }
                                             }, 
                                             "stationIdsList": [
                                                  "MA1"
                                             ], 
                                             "operationType": {
                                                  "Processing": 1
                                             }, 
                                             "sequence": "6"
                                        }, 
                                        {
                                             "stationIdsList": [
                                                  "E1"
                                             ], 
                                             "sequence": "6"
                                        }
                                   ], 
                                   "_class": "Dream.Mould", 
                                   "id": "Mo1", 
                                   "name": "Mould1"
                              }
                         ], 
                         "_class": "Dream.Order", 
                         "id": "O1", 
                         "name": "Order 1"
                    }
               ]
          }
     }, 
     "general": {
          "console": "No", 
          "numberOfReplications": "1", 
          "trace": "No", 
          "confidenceLevel": "0.95", 
          "maxSimTime": "-1", 
          "_class": "Dream.Configuration"
     }
}