{"nodes": [{"activity": 1, "predecessors": [5], "successors": [2], "frequency": 999, "capacity": 1, "contemp": 11, "cluster": 1, "worked_time": [6, "Part 11"]}, {"activity": 2, "predecessors": [1], "successors": [3, 4], "frequency": 999, "capacity": 1, "contemp": 17, "cluster": 2, "worked_time": [8, "Part 6"], "allocation_counter": 1}, {"activity": 3, "predecessors": [2], "successors": [5], "frequency": 999, "capacity": 1, "contemp": 60, "cluster": 3, "worked_time": [52, "Part 1"]}, {"activity": 4, "predecessors": [2], "successors": [5], "frequency": 999, "capacity": 1, "contemp": 38, "cluster": 3, "worked_time": [1, "Part 4"]}, {"activity": 5, "predecessors": [3, 4], "successors": [1], "frequency": 999, "capacity": 1, "contemp": 10, "cluster": 4, "worked_time": 0}], "arcs": [{"arc": [1, 2], "capacity": 10, "frequency": 1000, "contemp": 11}, {"arc": [2, 3], "capacity": 10, "frequency": 1000, "contemp": 23}, {"arc": [2, 4], "capacity": 10, "frequency": 1000, "contemp": 20}, {"arc": [3, 5], "capacity": 10, "frequency": 1000, "contemp": 11}, {"arc": [4, 5], "capacity": 10, "frequency": 1000, "contemp": 6}, {"arc": [5, 1], "capacity": 12, "frequency": 1000, "contemp": 9}], "initial": [["Part 12"], ["Part 7", "Part 8", "Part 9", "Part 10"], ["Part 3", "Part 5"], [], ["Part 2"]]}