{
    "general": {
        "maxSimTime": 300,
        "numberOfReplications": 1,
        "trace": "No",
	"seed": 1
    },
    "graph": {
        "edge": {
            "1": {
                "_class": "manpy.Edge",
                "destination": "QM1_1",
                "source": "M2"
            },
            "2": {
                "_class": "manpy.Edge",
                "destination": "QM1_2",
                "source": "M2"
            },
            "3": {
                "_class": "manpy.Edge",
                "destination": "QM1_3",
                "source": "M2"
            },
            "4": {
                "_class": "manpy.Edge",
                "destination": "Q1",
                "source": "QM1_1"
            },
            "5": {
                "_class": "manpy.Edge",
                "destination": "Q1",
                "source": "QM1_2"
            },
            "6": {
                "_class": "manpy.Edge",
                "destination": "Q1",
                "source": "QM1_3"
            },
            "7": {
                "_class": "manpy.Edge",
                "destination": "M1",
                "source": "Q1"
            },
	    "8": {
                "_class": "manpy.Edge",
                "destination": "QM2_1",
                "source": "M1"
            },
	    "9": {
                "_class": "manpy.Edge",
                "destination": "QM2_2",
                "source": "M1"
            },
	    "10": {
                "_class": "manpy.Edge",
                "destination": "QM2_3",
                "source": "M1"
            },
	    "11": {
                "_class": "manpy.Edge",
                "destination": "Q2",
                "source": "QM2_1"
            },
	    "12": {
                "_class": "manpy.Edge",
                "destination": "Q2",
                "source": "QM2_2"
            },
	    "13": {
                "_class": "manpy.Edge",
                "destination": "Q2",
                "source": "QM2_3"
            },
	    "14": {
                "_class": "manpy.Edge",
                "destination": "M2",
                "source": "Q2"
            }
        },
        "node": {
            "M1": {
                "_class": "manpy.Machine",
                "name": "Machine",
                "processingTime": {
                    "Fixed": {
                        "mean": 0.667
                    }
                },
		"unloadTime": {
                    "Fixed": {
                        "mean": 3.22
                    }
                },
		"gatherSysTime": 1,
		"gatherIntArr": 1
            },
	    "M2": {
                "_class": "manpy.Machine",
                "name": "Machine",
                "processingTime": {
                    "Fixed": {
                        "mean": 0.667
                    }
                }, 
		"unloadTime": {
                    "Fixed": {
                        "mean": 3.34
                    }
                }, 
		"gatherSysTime": 0,
		"gatherIntArr": 1
            },
	    "QM1_1": {
                "_class": "manpy.Machine",
                "name": "Transport",
		"capacity": 1,
                "processingTime": {
                    "Fixed": {
                        "mean": 10.66
                    }
                }
            },
	    "QM1_2": {
                "_class": "manpy.Machine",
                "name": "Transport",
		"capacity": 1,
                "processingTime": {
                    "Fixed": {
                        "mean": 10.66
                    }
                }
            },
            "QM1_3": {
                "_class": "manpy.Machine",
                "name": "Transport",
		"capacity": 1,
                "processingTime": {
                    "Fixed": {
                        "mean": 10.66
                    }
                }
            },
	    "QM2_1": {
                "_class": "manpy.Machine",
                "name": "Transport",
		"capacity": 1,
                "processingTime": {
                    "Fixed": {
                        "mean": 10.66
                    }
                }
            },
	    "QM2_2": {
                "_class": "manpy.Machine",
                "name": "Transport",
		"capacity": 1,
                "processingTime": {
                    "Fixed": {
                        "mean": 10.66
                    }
                }
            },
	    "QM2_3": {
                "_class": "manpy.Machine",
                "name": "Transport",
		"capacity": 1,
                "processingTime": {
                    "Fixed": {
                        "mean": 10.66
                    }
                }
            },
            "Q1": {
                "_class": "manpy.Queue",
                "capacity": 5,
                "name": "Queue",
		"gatherWipStat": 1
            },
            "Q2": {
                "_class": "manpy.Queue",
                "capacity": 5,
                "name": "Queue",
		"gatherWipStat": 1
            }
        }
    }
}
