{
     "graph": {
          "node": {
               "S1": {
                    "name": "Raw Material", 
                    "top": 0.9534313725490196, 
                    "entity": "Dream.Part", 
                    "interArrivalTime": {
                         "Fixed": { 
                              "mean": 0.5
                         }
                    }, 
                    "interruptions": {}, 
                    "_class": "Dream.Source", 
                    "left": 0.30208333333333337
               }, 
               "M1": {
                    "name": "Machine1", 
                    "top": 0.5906862745098039, 
                    "processingTime": {
                         "Fixed": {
                              "mean": 0.25
                         }
                    }, 
                    "interruptions": {
                         "failure": {
                              "TTR": {
                                   "Fixed": {
                                        "mean": 5
                                   }
                              }, 
                              "TTF": {
                                   "Fixed": {
                                        "mean": 60
                                   }
                              }
                         }
                    }, 
                    "_class": "Dream.Machine", 
                    "left": 0.5625
               }, 
               "W1": {
                    "capacity": 1, 
                    "name": "W1", 
                    "top": 0.7720588235294118, 
                    "interruptions": {}, 
                    "_class": "Dream.Repairman", 
                    "left": 0.8489583333333334
               }, 
               "M2": {
                    "name": "Machine2", 
                    "top": 0.2279411764705882, 
                    "processingTime": {
                         "Fixed": {
                              "mean": 1.5
                         }
                    }, 
                    "interruptions": {
                         "failure": {
                              "TTR": {
                                   "Fixed": {
                                        "mean": 10
                                   }
                              }, 
                              "TTF": {
                                   "Fixed": {
                                        "mean": 40
                                   }
                              }
                         }
                    }, 
                    "_class": "Dream.Machine", 
                    "left": 0.7083333333333333
               }, 
               "C1": {
                    "name": "C1", 
                    "top": 0.40931372549019607, 
                    "length": "8", 
                    "interruptions": {}, 
                    "_class": "Dream.Conveyer", 
                    "speed": "1", 
                    "left": 0.5625
               }, 
               "DummyQ": {
                    "capacity": 1, 
                    "name": "DummyQ", 
                    "top": 0.7720588235294118, 
                    "isDummy": "1", 
                    "interruptions": {}, 
                    "_class": "Dream.Queue", 
                    "left": 0.30208333333333337
               }, 
               "E1": {
                    "interruptions": {}, 
                    "top": 0.04656862745098034, 
                    "_class": "Dream.Exit", 
                    "name": "Stock", 
                    "left": 0.7083333333333333
               }
          }, 
          "edge": {
               "1": {
                    "source": "W1", 
                    "destination": "M2", 
                    "data": {}, 
                    "_class": "Dream.Edge"
               }, 
               "0": {
                    "source": "W1", 
                    "destination": "M1", 
                    "data": {}, 
                    "_class": "Dream.Edge"
               }, 
               "3": {
                    "source": "M1", 
                    "destination": "C1", 
                    "data": {}, 
                    "_class": "Dream.Edge"
               }, 
               "2": {
                    "source": "S1", 
                    "destination": "DummyQ", 
                    "data": {}, 
                    "_class": "Dream.Edge"
               }, 
               "5": {
                    "source": "DummyQ", 
                    "destination": "M1", 
                    "data": {}, 
                    "_class": "Dream.Edge"
               }, 
               "4": {
                    "source": "M2", 
                    "destination": "E1", 
                    "data": {}, 
                    "_class": "Dream.Edge"
               }, 
               "6": {
                    "source": "C1", 
                    "destination": "M2", 
                    "data": {}, 
                    "_class": "Dream.Edge"
               }
          }
     }, 
     "_class": "Dream.Simulation", 
     "general": {
          "maxSimTime": "1440", 
          "_class": "Dream.Configuration", 
          "confidenceLevel": "0.95", 
          "trace": "No", 
          "numberOfReplications": "1"
     }
}