<?xml version='1.0' encoding='utf8'?>
<CMSDDocument>

	<DataSection>
		<PartType>
			<Identifier>Part1</Identifier>
		</PartType>
		<PartType>
			<Identifier>UnfinishedPart1</Identifier>
		</PartType>
	     <Resource>
			<Identifier>S1</Identifier>
			<Description>The source of the topology</Description>
			<ResourceType>Source</ResourceType>
			<Name>RawMaterial</Name>
		 </Resource>
		<Resource>
			<Identifier>M1</Identifier>
			<Description>The lathe of the topology</Description>
			<ResourceType>Machine</ResourceType>
			<Name>Machine1</Name>
		 </Resource>
		<Resource>
			<Identifier>M2</Identifier>
			<Description>The moulding machine of the topology</Description>
			<ResourceType>Machine</ResourceType>
			<Name>Machine2</Name>
		 </Resource>
		<Resource>
			<Identifier>Queue</Identifier>
			<Description>The queue of the topology</Description>
			<ResourceType>Queue</ResourceType>
			<Name>Queue</Name>
		 </Resource>
		<Resource>
			<Identifier>Exit</Identifier>
			<Description>The exit of the topology</Description>
			<ResourceType>Exit</ResourceType>
			<Name>Stock</Name>
		 </Resource>		 
		
		<Resource>
			<Identifier>A</Identifier>
			<ResourceType>employee</ResourceType>
		</Resource>
		<Resource>
			<Identifier>B</Identifier>
			<ResourceType>employee</ResourceType>
		</Resource>
		<Resource>
			<Identifier>Repairman</Identifier>
			<Description>This element describes a class of employees</Description>
			<ResourceType>employee</ResourceType>
			<Name>W1</Name>
		</Resource>
********************************Process Plan*****************************************************		
		<ProcessPlan>
			<Identifier>ProcessPlan:Part1</Identifier>
			<PartsProduced>
				<Description>The part produced the process</Description>
				<PartType>
					<PartTypeIdentifier>Part1</PartTypeIdentifier>
				</PartType>
				<PartQuantity>1</PartQuantity>
			</PartsProduced>
			<PartsConsumed>
				<Description>The part(s) consumed the process</Description>
				<PartType>
					<PartTypeIdentifier>UnfinishedPart1</PartTypeIdentifier>
				</PartType>
				<PartQuantity>1</PartQuantity>
			</PartsConsumed>
			<FirstProcess>
				<ProcessIdentifier>MainProcessSequence</ProcessIdentifier>
			</FirstProcess>
			<Process>
				<Identifier>MainProcessSequence</Identifier>
				<RepetitionCount>1</RepetitionCount>
				<SubProcessGroup>
					<Type>sequence</Type>
					<Process>
						<ProcessIdentifier>A010</ProcessIdentifier>
					</Process>
					<Process>
						<ProcessIdentifier>A020</ProcessIdentifier>
					</Process>
					<Process>
						<ProcessIdentifier>A030</ProcessIdentifier>
					</Process>
					<Process>
						<ProcessIdentifier>A040</ProcessIdentifier>
					</Process>
					<Process>
						<ProcessIdentifier>A050</ProcessIdentifier>
					</Process>
				</SubProcessGroup>
			</Process>
***********************************************Process************************************************			
			<Process>
				<Identifier>A010</Identifier>
				<Description>Process 1</Description>
				<ResourcesRequired>
					<Description>Source</Description>
					<Resource>
						<ResourceIdentifier>S1</ResourceIdentifier>
					</Resource>
				</ResourcesRequired>
				<Property>
					<Name>interarrivalTime</Name>
					<Unit>minutes</Unit>
					<Distribution>
						<Name></Name>
						<DistributionParameterA>
							<Name></Name>
							<Value></Value>
						</DistributionParameterA>
						<DistributionParameterB>
							<Name></Name>
							<Value></Value>
						</DistributionParameterB>
					</Distribution>
				</Property>
				<Property>
					<Name>partType</Name>
					<Value>Part</Value>
				</Property>
			</Process>
	
			<Process>
				<Identifier>A020</Identifier>
				<Description>Process 2</Description>
				<PartsProduced>
					<Description>...</Description>
					<PartType>
						<PartTypeIdentifier>UnfinishedPart1</PartTypeIdentifier>
					</PartType>
					<PartQuantity>1</PartQuantity>
				</PartsProduced>
				<PartsConsumed>
					<Description>...</Description>
					<PartType>
						<PartTypeIdentifier>UnfinishedPart1</PartTypeIdentifier>
					</PartType>
					<PartQuantity>1</PartQuantity>
				</PartsConsumed>
				<ResourcesRequired>
					<Description>The employee performing the operation.</Description>
					<Resource>
						<ResourceIdentifier>A</ResourceIdentifier>
					</Resource>
				</ResourcesRequired>
				<ResourcesRequired>
					<Description>Machine1.</Description>
					<Resource>
						<ResourceIdentifier>M1</ResourceIdentifier>
					</Resource>
				</ResourcesRequired>
				<OperationTime>
					<Unit>minutes</Unit>
					<Distribution>
					<Name></Name>
						<DistributionParameterA>
							<Name></Name>
							<Value></Value>
						</DistributionParameterA>
						<DistributionParameterB>
							<Name></Name>
							<Value></Value>
						</DistributionParameterB>
					</Distribution>
				</OperationTime>
				<Property1>
					<Name>MeanTimeToFailure</Name>
					<Unit>minutes</Unit>
					<Distribution>
						<Name></Name>
						<DistributionParameterA>
							<Name></Name>
							<Value></Value>
						</DistributionParameterA>
						<DistributionParameterB>
							<Name></Name>
							<Value></Value>
						</DistributionParameterB>
					</Distribution>
				</Property1>
				<Property2>
					<Name>MeanTimeToRepair</Name>
					<Unit>minutes</Unit>
					<Distribution>
						<Name></Name>
						<DistributionParameterA>
							<Name></Name>
							<Value></Value>
						</DistributionParameterA>
						<DistributionParameterB>
							<Name></Name>
							<Value></Value>
						</DistributionParameterB>
					</Distribution>
					<Property>
						<Name>RepairmanRequired</Name>
						<ResourcesRequired>
							<Description>The employee performing the operation.</Description>
							<ResourceIdentifier>W1</ResourceIdentifier>
						</ResourcesRequired>
					</Property>
				</Property2>
			</Process>
			
			<Process>
				<Identifier>A030</Identifier>
				<Description>Process 3</Description>
				<ResourcesRequired>
					<Description>Queue1.</Description>
					<Resource>
						<ResourceIdentifier>Q1</ResourceIdentifier>
					</Resource>
				</ResourcesRequired>
				<Property>
					<Name>capacity</Name>
					<Value>1</Value>
				</Property>
			</Process>	
				
			<Process>
				<Identifier>A040</Identifier>
				<Description>Process 4</Description>
				<PartsProduced>
					<Description>...</Description>
					<PartType>
						<PartTypeIdentifier>UnfinishedPart1</PartTypeIdentifier>
					</PartType>
					<PartQuantity>1</PartQuantity>
				</PartsProduced>
				<PartsConsumed>
					<Description>...</Description>
					<PartType>
						<PartTypeIdentifier>UnfinishedPart1</PartTypeIdentifier>
					</PartType>
					<PartQuantity>1</PartQuantity>
				</PartsConsumed>
				<ResourcesRequired>
					<Description>The employee performing the operation.</Description>
					<Resource>
						<ResourceIdentifier>B</ResourceIdentifier>
					</Resource>
				</ResourcesRequired>
				<ResourcesRequired>
					<Description>Machine2.</Description>
					<Resource>
						<ResourceIdentifier>M2</ResourceIdentifier>
					</Resource>
				</ResourcesRequired>
				<OperationTime>
					<Unit>minutes</Unit>
					<Distribution>
					<Name></Name>
						<DistributionParameterA>
							<Name></Name>
							<Value></Value>
						</DistributionParameterA>
						<DistributionParameterB>
							<Name></Name>
							<Value></Value>
						</DistributionParameterB>
					</Distribution>
				</OperationTime>
				<Property1>
					<Name>MeanTimeToFailure</Name>
					<Unit>minutes</Unit>
					<Distribution>
						<Name></Name>
						<DistributionParameterA>
							<Name></Name>
							<Value></Value>
						</DistributionParameterA>
						<DistributionParameterB>
							<Name></Name>
							<Value></Value>
						</DistributionParameterB>
					</Distribution>
				</Property1>
				<Property2>
					<Name>MeanTimeToRepair</Name>
					<Unit>minutes</Unit>
					<Distribution>
						<Name></Name>
						<DistributionParameterA>
							<Name></Name>
							<Value></Value>
						</DistributionParameterA>
						<DistributionParameterB>
							<Name></Name>
							<Value></Value>
						</DistributionParameterB>
					</Distribution>
					<Property>
						<Name>RepairmanRequired</Name>
						<ResourcesRequired>
							<Description>The employee performing the operation.</Description>
							<ResourceIdentifier>W1</ResourceIdentifier>
						</ResourcesRequired>
					</Property>
				</Property2>
			</Process>
		
			<Process>
				<Identifier>A050</Identifier>
				<Description>Process 5</Description>
				<ResourcesRequired>
					<Description>Exit.</Description>
					<Resource>
						<ResourceIdentifier>E1</ResourceIdentifier>
					</Resource>
				</ResourcesRequired>
			</Process>
		</ProcessPlan>
	</DataSection>
</CMSDDocument>