{"nodes": [{"activity": "1", "predecessors": [], "successors": ["2"], "frequency": 10, "capacity": 1, "branching": [], "contemp": 1.0, "cluster": "1"}, {"activity": "2", "predecessors": ["1"], "successors": ["3"], "frequency": 10, "capacity": 1, "branching": [], "contemp": 1.0, "cluster": "2"}, {"activity": "3", "predecessors": ["2"], "successors": [], "frequency": 10, "capacity": 1, "branching": [], "contemp": 1.0, "cluster": "3"}], "arcs": [{"arc": ["1", "2"], "capacity": 2.0, "frequency": 10, "contemp": 1.25}, {"arc": ["2", "3"], "capacity": 2.0, "frequency": 10, "contemp": 1.0}]}