{"nodes": [{"activity": 4, "predecessors": [8], "successors": [5], "frequency": 999, "capacity": 1, "contemp": 392, "cluster": 4}, {"activity": 5, "predecessors": [4], "successors": [6], "frequency": 999, "capacity": 1, "contemp": 391, "cluster": 5}, {"activity": 6, "predecessors": [5], "successors": [], "frequency": 999, "capacity": 1, "contemp": 416, "cluster": 6}, {"cluster": 8, "activity": [1, 2, 3], "predecessors": [], "successors": [4], "frequency": 999, "capacity": 23.0, "contemp": 92}], "arcs": [{"arc": [8, 4], "capacity": 10.0, "frequency": 1000, "contemp": 128}, {"arc": [4, 5], "capacity": 10.0, "frequency": 1000, "contemp": 224}, {"arc": [5, 6], "capacity": 10.0, "frequency": 999, "contemp": 219}]}