{
     "graph": {
          "node": {
		  "A1": {
            "_class": "Dream.Assembly",
            "left": 0.5,
            "name": "Assembly",
            "processingTime": {
                "Fixed": {
                    "mean": 1.5
                }
            },
            "top": 0.2784431137724551
        },
        "D1": {
            "_class": "Dream.Dismantle",
            "left": 0.5,
            "name": "Dismantle",
            "processingTime": {
                "Fixed": {
                    "mean": 1.0
                }
            },
            "top": 0.721556886227545
        },
        "E1": {
            "_class": "Dream.Exit",
            "left": 0.7857142857142857,
            "name": "Parts Stock",
            "top": 0.9431137724550899
        },
        "E2": {
            "_class": "Dream.Exit",
            "left": 0.2142857142857143,
            "name": "Frames Stock",
            "top": 0.9431137724550899
        },
        "M1": {
            "_class": "Dream.Machine",
            "interruptions": {
				 "failure": {
					  "TTR": {
						   "Fixed": {
								"mean": 10
						   }
					  }, 
					  "TTF": {
						   "Fixed": {
								"mean": 40
						   }
					  }
				 }
			},
            "left": 0.5,
            "name": "Moulding",
            "processingTime": {
                
            },
            "top": 0.5
        },
        "S1": {
            "_class": "Dream.Source",
            "entity": "Dream.Part",
            "interarrivalTime": {
                "Fixed": {
                    "mean": 0.5
                }
            },
            "left": 0.2142857142857143,
            "name": "Parts",
            "top": 0.05688622754491013
        },
        "S2": {
            "_class": "Dream.Source",
            "entity": "Dream.Frame",
            "interarrivalTime": {
                "Fixed": {
                    "mean": 2.0
                }
            },
            "left": 0.7857142857142857,
            "name": "Frames",
            "top": 0.05688622754491013
			}
		},
		"edge": {
               "1": {
                    "source": "S1", 
                    "destination": "A1", 
                    "data": {}, 
                    "_class": "Dream.Edge"
               }, 
               "0": {
                    "source": "S2", 
                    "destination": "A1", 
                    "data": {}, 
                    "_class": "Dream.Edge"
               }, 
               "3": {
                    "source": "A1", 
                    "destination": "M1", 
                    "data": {}, 
                    "_class": "Dream.Edge"
               }, 
               "2": {
                    "source": "M1", 
                    "destination": "D1", 
                    "data": {}, 
                    "_class": "Dream.Edge"
               }, 
               "5": {
                    "source": "D1", 
                    "destination": "E1", 
                    "data": {}, 
                    "_class": "Dream.Edge"
               }, 
               "4": {
                    "source": "D1", 
                    "destination": "E2", 
                    "data": {}, 
                    "_class": "Dream.Edge"
               } 
            }
		},
	"_class": "Dream.Simulation",
	"general": {
		"confidenceLevel": "0.95",
		"_class": "Dream.Configuration",
		"maxSimTime": "1440",
		"numberOfReplications": "1",
		"seed":1,
		"trace": "No"
	}
}	