id,activity,ts
1,1,0.062325
1,3,0.6882
1,5,0.72154
2,1,0.072359
2,3,2.5525
2,5,2.5859
3,1,0.11684
3,4,0.36588
3,5,0.39922
4,1,0.13777
4,4,1.0227
4,5,1.0561
5,1,0.27872
5,2,2.4197
5,5,2.453
6,1,0.28154
6,2,4.2529
6,5,4.2863
7,1,0.36588
7,4,1.8386
7,5,1.872
8,1,0.6882
8,3,2.5719
8,5,2.6192
9,1,1.0227
9,4,2.3813
9,5,2.4146
10,1,1.8386
10,4,2.5148
10,5,2.5481
11,1,2.3813
11,4,2.7117
11,5,2.7538
12,1,2.4197
12,2,6.3808
12,5,6.4141
13,1,2.5148
13,4,4.708
13,5,4.7413
14,1,2.5525
14,3,2.6872
14,5,2.7205
15,1,2.7556
15,4,5.3852
15,5,5.4185
16,1,2.7774
16,3,3.2063
16,5,3.2396
17,1,2.7972
17,3,4.8781
17,5,4.9114
18,1,3.2063
18,3,5.143
18,5,5.1763
19,1,4.2529
19,2,8.2515
19,5,8.3119
20,1,4.708
20,4,7.4893
20,5,7.5453
21,1,4.8781
21,3,7.4786
21,5,7.5119
22,1,5.143
22,3,8.2452
22,5,8.2785
23,1,5.3852
23,4,7.5948
23,5,7.6282
24,1,6.3808
24,2,10.113
24,5,10.146
25,1,7.4786
25,3,10.043
25,5,10.077
26,1,7.4919
26,4,7.9114
26,5,7.9447
27,1,7.5948
27,4,8.06
27,5,8.0933
28,1,7.9114
28,4,8.5335
28,5,8.5668
29,1,8.06
29,4,9.5221
29,5,9.5554
30,1,8.2452
30,3,10.76
30,5,10.793
31,1,8.257
31,2,12.042
31,5,12.076
32,1,8.5335
32,4,10.843
32,5,10.876
33,1,9.5221
33,4,11.41
33,5,11.443
34,1,10.043
34,3,12.078
34,5,12.112
35,1,10.113
35,2,13.914
35,5,13.947
36,1,10.76
36,3,12.748
36,5,12.781
37,1,10.843
37,4,11.632
37,5,11.666
38,1,11.41
38,4,11.9
38,5,11.933
39,1,11.632
39,4,11.932
39,5,11.967
40,1,11.9
40,4,12.513
40,5,12.547
41,1,11.932
41,4,13.837
41,5,13.871
42,1,12.042
42,2,15.982
42,5,16.016
43,1,12.1
43,3,12.755
43,5,12.814
44,1,12.513
44,4,15.079
44,5,15.113
45,1,12.748
45,3,13.048
45,5,13.081
46,1,12.776
46,3,15.084
46,5,15.146
47,1,13.048
47,3,15.327
47,5,15.361
48,1,13.837
48,4,16.765
48,5,16.799
49,1,13.914
49,2,17.642
49,5,17.676
50,1,15.079
50,4,17.427
50,5,17.46
51,1,15.162
51,3,16.075
51,5,16.108
52,1,15.327
52,3,18.261
52,5,18.294
53,1,15.982
53,2,19.822
53,5,19.855
54,1,16.102
54,3,18.596
54,5,18.629
55,1,16.765
55,4,19.099
55,5,19.132
56,1,17.427
56,4,19.247
56,5,19.28
57,1,17.642
57,2,21.572
57,5,21.606
58,1,18.261
58,3,20.588
58,5,20.622
59,1,18.596
59,3,21.092
59,5,21.125
60,1,19.099
60,4,19.251
60,5,19.314
61,1,19.247
61,4,20.103
61,5,20.136
62,1,19.254
62,4,20.478
62,5,20.511
63,1,19.822
63,2,23.423
63,5,23.457
64,1,20.103
64,4,21.902
64,5,21.935
65,1,20.478
65,4,22.063
65,5,22.096
66,1,20.588
66,3,23.145
66,5,23.178
67,1,21.092
67,3,24.535
67,5,24.568
68,1,21.572
68,2,25.214
68,5,25.247
69,1,21.902
69,4,22.575
69,5,22.609
70,1,22.063
70,4,24.356
70,5,24.389
71,1,22.575
71,4,25.614
71,5,25.647
72,1,23.145
72,3,25.789
72,5,25.822
73,1,23.423
73,2,27.393
73,5,27.427
74,1,24.356
74,4,25.633
74,5,25.681
75,1,24.535
75,3,26.014
75,5,26.047
76,1,25.214
76,2,29.518
76,5,29.552
77,1,25.614
77,4,26.55
77,5,26.583
78,1,25.633
78,4,27.009
78,5,27.042
79,1,25.789
79,3,28.006
79,5,28.04
80,1,26.014
80,3,28.917
80,5,28.95
81,1,26.55
81,4,27.079
81,5,27.112
82,1,27.009
82,4,27.522
82,5,27.555
83,1,27.079
83,4,27.763
83,5,27.796
84,1,27.393
84,2,31.373
84,5,31.406
85,1,27.522
85,4,28.59
85,5,28.623
86,1,27.763
86,4,29.538
86,5,29.585
87,1,28.006
87,3,29.216
87,5,29.249
88,1,28.59
88,4,29.56
88,5,29.618
89,1,28.917
89,3,30.531
89,5,30.594
90,1,29.216
90,3,32.567
90,5,32.601
91,1,29.518
91,2,33.289
91,5,33.322
92,1,29.549
92,4,30.208
92,5,30.241
93,1,29.56
93,4,30.435
93,5,30.469
94,1,30.208
94,4,30.527
94,5,30.561
95,1,30.435
95,4,30.952
95,5,30.986
96,1,30.626
96,3,33.092
96,5,33.125
97,1,30.629
97,4,31.021
97,5,31.055
98,1,30.952
98,4,32.32
98,5,32.353
99,1,31.123
99,4,33.989
99,5,34.022
100,1,31.373
100,2,35.008
100,5,35.041
101,1,32.32
101,4,34.708
101,5,34.741
102,1,32.567
102,3,33.661
102,5,33.695
103,1,33.092
103,3,33.724
103,5,33.757
104,1,33.289
104,2,36.739
104,5,36.772
105,1,33.661
105,3,34.157
105,5,34.19
106,1,33.75
106,3,35.316
106,5,35.35
107,1,33.989
107,4,34.943
107,5,34.977
108,1,34.157
108,3,35.665
108,5,35.699
109,1,34.708
109,4,36.11
109,5,36.143
110,1,34.943
110,4,36.114
110,5,36.176
111,1,35.008
111,2,38.505
111,5,38.538
112,1,35.316
112,3,36.059
112,5,36.093
113,1,35.665
113,3,36.384
113,5,36.418
114,1,36.059
114,3,36.522
114,5,36.555
115,1,36.11
115,4,38.039
115,5,38.072
116,1,36.124
116,4,38.84
116,5,38.906
117,1,36.384
117,3,38.066
117,5,38.106
118,1,36.522
118,3,38.84
118,5,38.873
119,1,36.739
119,2,40.213
119,5,40.272
120,1,38.039
120,4,40.205
120,5,40.238
121,1,38.094
121,3,38.867
121,5,38.94
122,1,38.505
122,2,42.212
122,5,42.245
123,1,38.84
123,3,45.26
123,5,45.294
124,1,38.885
124,4,40.625
124,5,40.658
125,1,38.959
125,3,45.613
125,5,45.676
126,1,40.205
126,4,41.093
126,5,41.126
127,1,40.274
127,2,44.304
127,5,44.337
128,1,40.625
128,4,41.194
128,5,41.227
129,1,41.093
129,4,42.775
129,5,42.808
130,1,41.194
130,4,43.846
130,5,43.879
131,1,42.212
131,2,45.988
131,5,46.022
132,1,42.775
132,4,45.609
132,5,45.643
133,1,43.846
133,4,46.319
133,5,46.353
134,1,44.304
134,2,47.922
134,5,47.955
135,1,45.26
135,3,49.854
135,5,49.888
136,1,45.609
136,4,47.069
136,5,47.103
137,1,45.762
137,3,51.493
137,5,51.527
138,1,45.988
138,2,49.595
138,5,49.629
139,1,46.319
139,4,48.956
139,5,48.989
140,1,47.069
140,4,49.328
140,5,49.361
141,1,47.922
141,2,51.55
141,5,51.593
142,1,48.956
142,4,49.676
142,5,49.709
143,1,49.328
143,4,50.029
143,5,50.063
144,1,49.595
144,2,53.635
144,5,53.683
145,1,49.676
145,4,50.263
145,5,50.296
146,1,49.854
146,3,51.509
146,5,51.56
147,1,50.029
147,4,50.623
147,5,50.656
148,1,50.263
148,4,53.616
148,5,53.649
149,1,50.623
149,4,53.939
149,5,53.973
150,1,51.493
150,3,51.978
150,5,52.012
151,1,51.509
151,3,52.394
151,5,52.428
152,1,51.55
152,2,55.698
152,5,55.731
153,1,51.978
153,3,52.679
153,5,52.713
154,1,52.394
154,3,53.103
154,5,53.136
155,1,52.679
155,3,55.176
155,5,55.209
156,1,53.103
156,3,56.169
156,5,56.202
157,1,53.616
157,4,54.099
157,5,54.132
158,1,53.635
158,2,57.795
158,5,57.828
159,1,53.939
159,4,54.942
159,5,54.975
160,1,54.099
160,4,57.125
160,5,57.158
161,1,54.942
161,4,59.566
161,5,59.599
162,1,55.176
162,3,56.475
162,5,56.508
163,1,55.698
163,2,59.972
163,5,60.005
164,1,56.169
164,3,57.659
164,5,57.692
165,1,56.475
165,3,57.902
165,5,57.936
166,1,57.125
166,4,62.801
166,5,62.834
167,1,57.659
167,3,58.271
167,5,58.304
168,1,57.795
168,2,61.845
168,5,61.884
169,1,57.902
169,3,58.274
169,5,58.337
170,1,58.271
170,3,58.758
170,5,58.792
171,1,58.286
171,3,60.054
171,5,60.087
172,1,58.758
172,3,60.645
172,5,60.679
173,1,59.566
173,4,65.171
173,5,65.204
174,1,59.972
174,2,63.977
174,5,64.011
175,1,60.054
175,3,61.818
175,5,61.851
176,1,60.645
176,3,62.397
176,5,62.43
177,1,61.818
177,3,64.787
177,5,64.82
178,1,61.845
178,2,65.852
178,5,65.885
179,1,62.397
179,3,64.856
179,5,64.89
180,1,62.801
180,4,65.428
180,5,65.461
181,1,63.977
181,2,67.787
181,5,67.82
182,1,64.787
182,3,65.362
182,5,65.396
183,1,64.886
183,3,66.418
183,5,66.452
184,1,65.171
184,4,65.757
184,5,65.79
185,1,65.362
185,3,67.288
185,5,67.321
186,1,65.428
186,4,66.16
186,5,66.194
187,1,65.757
187,4,66.728
187,5,66.762
188,1,65.852
188,2,69.488
188,5,69.522
189,1,66.16
189,4,67.22
189,5,67.254
190,1,66.418
190,3,67.588
190,5,67.622
191,1,66.728
191,4,67.84
191,5,67.873
192,1,67.22
192,4,68.86
192,5,68.893
193,1,67.288
193,3,72.318
193,5,72.352
194,1,67.588
194,3,72.961
194,5,72.995
195,1,67.787
195,2,71.677
195,5,71.725
196,1,67.84
196,4,69.865
196,5,69.898
197,1,68.86
197,4,70.245
197,5,70.278
198,1,69.488
198,2,73.716
198,5,73.757
199,1,69.865
199,4,70.568
199,5,70.601
200,1,70.245
200,4,70.677
200,5,70.71
201,1,70.568
201,4,71.659
201,5,71.692
202,1,70.677
202,4,72.739
202,5,72.772
203,1,71.659
203,4,73.691
203,5,73.724
204,1,71.78
204,2,75.672
204,5,75.705
205,1,72.318
205,3,73.048
205,5,73.081
206,1,72.739
206,4,76.885
206,5,76.918
207,1,72.961
207,3,73.161
207,5,73.194
208,1,73.048
208,3,73.527
208,5,73.56
209,1,73.161
209,3,73.607
209,5,73.64
210,1,73.527
210,3,74.039
210,5,74.072
211,1,73.607
211,3,75.344
211,5,75.377
212,1,73.691
212,4,77.644
212,5,77.677
213,1,73.716
213,2,77.497
213,5,77.53
214,1,74.039
214,3,77.418
214,5,77.452
215,1,75.344
215,3,78.021
215,5,78.054
216,1,75.672
216,2,79.184
216,5,79.237
217,1,76.885
217,4,78.173
217,5,78.206
218,1,77.418
218,3,79.224
218,5,79.27
219,1,77.497
219,2,81.122
219,5,81.155
220,1,77.644
220,4,78.357
220,5,78.39
221,1,78.021
221,3,81.561
221,5,81.594
222,1,78.173
222,4,78.947
222,5,78.98
223,1,78.357
223,4,79.17
223,5,79.203
224,1,78.947
224,4,79.582
224,5,79.615
225,1,79.17
225,4,80.259
225,5,80.292
226,1,79.184
226,2,82.89
226,5,82.923
227,1,79.224
227,3,83.033
227,5,83.067
228,1,79.582
228,4,81.604
228,5,81.637
229,1,80.259
229,4,81.849
229,5,81.883
230,1,81.122
230,2,84.96
230,5,85.01
231,1,81.561
231,3,83.303
231,5,83.336
232,1,81.604
232,4,81.901
232,5,81.934
233,1,81.849
233,4,82.236
233,5,82.269
234,1,81.927
234,4,83.692
234,5,83.725
235,1,82.236
235,4,84.943
235,5,84.977
236,1,82.89
236,2,86.874
236,5,86.907
237,1,83.033
237,3,84.815
237,5,84.849
238,1,83.303
238,3,86.974
238,5,87.008
239,1,83.692
239,4,85.32
239,5,85.353
240,1,84.815
240,3,89.139
240,5,89.172
241,1,84.943
241,4,87.452
241,5,87.485
242,1,84.98
242,2,88.977
242,5,89.01
243,1,85.32
243,4,88.239
243,5,88.272
244,1,86.874
244,2,90.822
244,5,90.855
245,1,86.974
245,3,89.472
245,5,89.505
246,1,87.452
246,4,90.675
246,5,90.708
247,1,88.239
247,4,93.993
247,5,94.026
248,1,88.977
248,2,92.765
248,5,92.798
249,1,89.139
249,3,89.794
249,5,89.828
250,1,89.472
250,3,89.972
250,5,90.005
251,1,89.794
251,3,90.752
251,5,90.785
252,1,89.972
252,3,91.303
252,5,91.336
253,1,90.675
253,4,94.966
253,5,95
254,1,90.752
254,3,92.34
254,5,92.373
255,1,90.822
255,2,94.741
255,5,94.774
256,1,91.303
256,3,92.89
256,5,92.923
257,1,92.34
257,3,93.208
257,5,93.242
258,1,92.765
258,2,96.459
258,5,96.492
259,1,92.89
259,3,95.19
259,5,95.223
260,1,93.208
260,3,98.758
260,5,98.792
261,1,93.993
261,4,96.244
261,5,96.278
262,1,94.741
262,2,98.387
262,5,98.42
263,1,94.966
263,4,96.271
263,5,96.311
264,1,95.19
264,3,100.23
264,5,100.26
265,1,96.244
265,4,97.377
265,5,97.41
266,1,96.306
266,4,97.394
266,5,97.443
267,1,96.459
267,2,100.09
267,5,100.12
268,1,97.377
268,4,102.38
268,5,102.41
269,1,97.424
269,4,103.4
269,5,103.44
270,1,98.387
270,2,101.8
270,5,101.83
271,1,98.758
271,3,103.98
271,5,104.01
272,1,100.09
272,2,103.54
272,5,103.57
273,1,100.23
273,3,104.37
273,5,104.41
274,1,101.8
274,2,105.53
274,5,105.58
275,1,102.38
275,4,104.19
275,5,104.23
276,1,103.4
276,4,105.64
276,5,105.67
277,1,103.54
277,2,107.28
277,5,107.31
278,1,103.98
278,3,105.27
278,5,105.3
279,1,104.19
279,4,107.62
279,5,107.65
280,1,104.37
280,3,105.52
280,5,105.55
281,1,105.27
281,3,105.83
281,5,105.86
282,1,105.52
282,3,106.13
282,5,106.17
283,1,105.55
283,2,109.42
283,5,109.45
284,1,105.64
284,4,107.63
284,5,107.69
285,1,105.83
285,3,106.3
285,5,106.34
286,1,106.13
286,3,106.58
286,5,106.61
287,1,106.3
287,3,106.77
287,5,106.8
288,1,106.58
288,3,106.94
288,5,106.98
289,1,106.77
289,3,107.52
289,5,107.55
290,1,106.94
290,3,108.27
290,5,108.31
291,1,107.28
291,2,111.2
291,5,111.23
292,1,107.52
292,3,108.79
292,5,108.82
293,1,107.62
293,4,107.72
293,5,107.75
294,1,107.64
294,4,107.87
294,5,107.9
295,1,107.72
295,4,107.91
295,5,107.95
296,1,107.87
296,4,108.18
296,5,108.22
297,1,107.91
297,4,108.67
297,5,108.7
298,1,108.18
298,4,109.6
298,5,109.64
299,1,108.27
299,3,108.99
299,5,109.03
300,1,108.67
300,4,109.63
300,5,109.67
301,1,108.79
301,3,109.71
301,5,109.74
302,1,108.99
302,3,111
302,5,111.03
303,1,109.42
303,2,113.04
303,5,113.08
304,1,109.6
304,4,109.84
304,5,109.87
305,1,109.63
305,4,110.62
305,5,110.65
306,1,109.71
306,3,111.38
306,5,111.42
307,1,109.84
307,4,110.82
307,5,110.85
308,1,110.62
308,4,111.34
308,5,111.38
309,1,110.82
309,4,111.67
309,5,111.7
310,1,111
310,3,111.84
310,5,111.88
311,1,111.2
311,2,115.2
311,5,115.24
312,1,111.34
312,4,113.23
312,5,113.27
313,1,111.4
313,3,112.22
313,5,112.26
314,1,111.67
314,4,113.39
314,5,113.43
315,1,111.84
315,3,112.75
315,5,112.78
316,1,112.22
316,3,113.62
316,5,113.66
317,1,112.75
317,3,114.31
317,5,114.34
318,1,113.04
318,2,117.36
318,5,117.4
319,1,113.23
319,4,113.71
319,5,113.75
320,1,113.39
320,4,113.94
320,5,113.98
321,1,113.62
321,3,114.82
321,5,114.85
322,1,113.71
322,4,115.28
322,5,115.31
323,1,113.94
323,4,115.53
323,5,115.56
324,1,114.31
324,3,116.65
324,5,116.68
325,1,114.82
325,3,116.9
325,5,116.93
326,1,115.2
326,2,119.2
326,5,119.23
327,1,115.33
327,4,117.04
327,5,117.08
328,1,115.53
328,4,117.65
328,5,117.68
329,1,116.65
329,3,117.94
329,5,117.98
330,1,116.9
330,3,118.59
330,5,118.63
331,1,117.04
331,4,117.69
331,5,117.72
332,1,117.36
332,2,121.22
332,5,121.25
333,1,117.65
333,4,122.27
333,5,122.3
334,1,117.71
334,4,122.85
334,5,122.89
335,1,117.94
335,3,119.89
335,5,119.92
336,1,118.59
336,3,120.17
336,5,120.21
337,1,119.2
337,2,123.39
337,5,123.42
338,1,119.89
338,3,121.75
338,5,121.78
339,1,120.17
339,3,121.98
339,5,122.01
340,1,121.22
340,2,123.45
340,5,123.48
341,1,121.75
341,3,125.52
341,5,125.58
342,1,121.98
342,3,125.55
342,5,125.61
343,1,122.27
343,4,123.3
343,5,123.34
344,1,122.85
344,4,123.89
344,5,123.94
345,1,123.3
345,4,126.19
345,5,126.23
346,1,123.48
346,2,123.54
346,5,123.57
347,1,123.53
347,2,123.61
347,5,123.64
348,1,123.54
348,2,123.67
348,5,123.7
349,1,123.61
349,2,123.74
349,5,123.77
350,1,123.69
350,2,123.8
350,5,123.84
351,1,123.74
351,2,123.87
351,5,123.91
352,1,123.8
352,2,123.94
352,5,123.98
353,1,123.87
353,2,124.01
353,5,124.04
354,1,123.89
354,4,127.94
354,5,127.97
355,1,123.94
355,2,124.07
355,5,124.11
356,1,124.01
356,2,124.14
356,5,124.18
357,1,124.07
357,2,124.2
357,5,124.24
358,1,124.14
358,2,124.28
358,5,124.31
359,1,124.2
359,2,124.34
359,5,124.37
360,1,124.28
360,2,124.4
360,5,124.44
361,1,124.34
361,2,124.47
361,5,124.5
362,1,124.4
362,2,124.53
362,5,124.57
363,1,124.47
363,2,124.59
363,5,124.63
364,1,124.53
364,2,124.66
364,5,124.69
365,1,124.59
365,2,124.73
365,5,124.76
366,1,124.66
366,2,124.79
366,5,124.82
367,1,124.73
367,2,124.85
367,5,124.88
368,1,124.79
368,2,124.91
368,5,124.94
369,1,124.85
369,2,124.98
369,5,125.01
370,1,124.91
370,2,125.03
370,5,125.07
371,1,124.98
371,2,125.1
371,5,125.13
372,1,125.03
372,2,125.16
372,5,125.2
373,1,125.1
373,2,125.23
373,5,125.26
374,1,125.26
374,2,125.33
374,5,125.36
375,1,125.27
375,2,125.39
375,5,125.42
376,1,125.33
376,2,125.45
376,5,125.48
377,1,125.39
377,2,125.51
377,5,125.55
378,1,125.45
378,2,125.57
378,5,125.65
379,1,125.51
379,2,125.65
379,5,125.68
380,1,125.57
380,3,128.27
380,5,128.3
381,1,125.62
381,3,129.11
381,5,129.15
382,1,125.67
382,2,125.75
382,5,125.78
383,1,125.69
383,2,125.82
383,5,125.85
384,1,125.77
384,2,125.88
384,5,125.92
385,1,125.82
385,2,125.96
385,5,125.99
386,1,125.88
386,2,126.02
386,5,126.06
387,1,125.96
387,2,126.1
387,5,126.13
388,1,126.02
388,2,126.17
388,5,126.2
389,1,126.1
389,2,128.02
389,5,128.05
390,1,126.17
390,2,129.75
390,5,129.78
391,1,126.19
391,4,130.72
391,5,130.76
392,1,127.94
392,4,130.91
392,5,130.94
393,1,128.02
393,2,131.74
393,5,131.78
394,1,128.27
394,3,133.1
394,5,133.13
395,1,129.11
395,3,134.32
395,5,134.36
396,1,129.75
396,2,133.91
396,5,133.94
397,1,130.72
397,4,131.38
397,5,131.41
398,1,130.91
398,4,134.22
398,5,134.26
399,1,131.38
399,4,134.52
399,5,134.55
400,1,131.74
400,2,136.05
400,5,136.08
401,1,133.1
401,3,134.85
401,5,134.88
402,1,133.91
402,2,138.21
402,5,138.24
403,1,134.22
403,4,135.37
403,5,135.41
404,1,134.32
404,3,135.15
404,5,135.18
405,1,134.52
405,4,136.24
405,5,136.27
406,1,134.85
406,3,135.69
406,5,135.73
407,1,135.15
407,3,137.17
407,5,137.2
408,1,135.37
408,4,140.1
408,5,140.14
409,1,135.69
409,3,138.68
409,5,138.71
410,1,136.05
410,2,139.96
410,5,139.99
411,1,136.24
411,4,140.39
411,5,140.43
412,1,137.17
412,3,140.47
412,5,140.51
413,1,138.21
413,2,141.8
413,5,141.83
414,1,138.68
414,3,140.72
414,5,140.75
415,1,139.96
415,2,143.84
415,5,143.88
416,1,140.1
416,4,143.35
416,5,143.38
417,1,140.39
417,4,144.02
417,5,144.05
418,1,140.47
418,3,140.77
418,5,140.8
419,1,140.72
419,3,143.87
419,5,143.91
420,1,140.77
420,3,144.09
420,5,144.12
421,1,141.8
421,2,145.6
421,5,145.63
422,1,143.35
422,4,144.78
422,5,144.81
423,1,143.84
423,2,147.64
423,5,147.67
424,1,143.87
424,3,145.7
424,5,145.73
425,1,144.02
425,4,146.11
425,5,146.14
426,1,144.09
426,3,145.82
426,5,145.85
427,1,144.78
427,4,146.87
427,5,146.95
428,1,145.6
428,2,149.38
428,5,149.42
429,1,145.7
429,3,146.85
429,5,146.88
430,1,145.82
430,3,146.86
430,5,146.92
431,1,146.11
431,4,147.07
431,5,147.11
432,1,146.85
432,3,148.43
432,5,148.46
433,1,146.89
433,3,150.04
433,5,150.07
434,1,146.89
434,4,147.5
434,5,147.53
435,1,147.07
435,4,149.04
435,5,149.07
436,1,147.5
436,4,150.62
436,5,150.66
437,1,147.64
437,2,151.05
437,5,151.09
438,1,148.43
438,3,150.1
438,5,150.13
439,1,149.04
439,4,151.83
439,5,151.87
440,1,149.38
440,2,152.79
440,5,152.85
441,1,150.04
441,3,150.42
441,5,150.45
442,1,150.1
442,3,150.48
442,5,150.51
443,1,150.42
443,3,152.78
443,5,152.81
444,1,150.48
444,3,153
444,5,153.03
445,1,150.62
445,4,152.35
445,5,152.39
446,1,151.05
446,2,154.84
446,5,154.87
447,1,151.83
447,4,152.45
447,5,152.48
448,1,152.35
448,4,152.54
448,5,152.57
449,1,152.45
449,4,154.59
449,5,154.62
450,1,152.54
450,4,154.6
450,5,154.65
451,1,152.78
451,3,153.74
451,5,153.78
452,1,152.79
452,2,156.99
452,5,157.03
453,1,153
453,3,154.08
453,5,154.11
454,1,153.74
454,3,154.33
454,5,154.36
455,1,154.08
455,3,154.54
455,5,154.58
456,1,154.33
456,3,155.49
456,5,155.52
457,1,154.54
457,3,156.29
457,5,156.33
458,1,154.64
458,4,159.26
458,5,159.29
459,1,154.65
459,4,160.76
459,5,160.8
460,1,154.84
460,2,158.95
460,5,158.99
461,1,155.49
461,3,156.33
461,5,156.37
462,1,156.29
462,3,156.79
462,5,156.83
463,1,156.33
463,3,158.48
463,5,158.52
464,1,156.79
464,3,159.26
464,5,159.32
465,1,156.99
465,2,160.94
465,5,160.97
466,1,158.48
466,3,160.48
466,5,160.51
467,1,158.95
467,2,162.71
467,5,162.75
468,1,159.26
468,4,161.72
468,5,161.75
469,1,159.31
469,3,162.69
469,5,162.72
470,1,160.48
470,3,163.07
470,5,163.11
471,1,160.76
471,4,161.93
471,5,161.96
472,1,160.94
472,2,164.64
472,5,164.68
473,1,161.72
473,4,162.58
473,5,162.61
474,1,161.93
474,4,164.58
474,5,164.62
475,1,162.58
475,4,164.94
475,5,165
476,1,162.69
476,3,164.3
476,5,164.34
477,1,162.74
477,2,164.7
477,5,164.73
478,1,163.07
478,3,164.92
478,5,164.97
479,1,164.3
479,3,167.18
479,5,167.21
480,1,164.58
480,4,165.2
480,5,165.23
481,1,164.7
481,2,164.77
481,5,164.8
482,1,164.71
482,2,164.83
482,5,164.87
483,1,164.77
483,2,164.9
483,5,164.93
484,1,164.83
484,2,164.97
484,5,165.03
485,1,165.03
485,3,167.3
485,5,167.33
486,1,165.08
486,4,166.77
486,5,166.8
487,1,165.14
487,2,165.2
487,5,165.26
488,1,165.14
488,2,165.25
488,5,165.3
489,1,165.22
489,4,169.4
489,5,169.43
490,1,165.23
490,2,165.32
490,5,165.36
491,1,165.25
491,2,165.38
491,5,165.42
492,1,165.36
492,2,165.45
492,5,165.49
493,1,165.42
493,2,165.52
493,5,165.55
494,1,165.45
494,2,165.58
494,5,165.61
495,1,165.52
495,2,165.65
495,5,165.68
496,1,165.58
496,2,165.72
496,5,165.75
497,1,165.65
497,2,165.79
497,5,165.82
498,1,165.73
498,2,165.86
498,5,165.89
499,1,165.81
499,2,165.92
499,5,165.95
500,1,165.86
500,2,165.98
500,5,166.01
501,1,165.92
501,2,166.04
501,5,166.07
502,1,165.98
502,2,168
502,5,168.03
503,1,166.04
503,2,170.05
503,5,170.08
504,1,166.77
504,4,171.43
504,5,171.47
505,1,167.18
505,3,168.33
505,5,168.36
506,1,167.3
506,3,168.76
506,5,168.79
507,1,168
507,2,172
507,5,172.04
508,1,168.33
508,3,168.87
508,5,168.91
509,1,168.76
509,3,170.64
509,5,170.67
510,1,168.87
510,3,171.56
510,5,171.6
511,1,169.4
511,4,172.15
511,5,172.19
512,1,170.05
512,2,173.86
512,5,173.89
513,1,170.64
513,3,172.84
513,5,172.88
514,1,171.43
514,4,175.22
514,5,175.25
515,1,171.56
515,3,172.99
515,5,173.03
516,1,172
516,2,175.92
516,5,175.96
517,1,172.15
517,4,176.13
517,5,176.17
518,1,172.84
518,3,173.07
518,5,173.11
519,1,172.99
519,3,173.94
519,5,173.97
520,1,173.07
520,3,174.85
520,5,174.88
521,1,173.86
521,2,178
521,5,178.04
522,1,173.95
522,3,176.65
522,5,176.69
523,1,174.85
523,3,176.9
523,5,176.94
524,1,175.22
524,4,177.39
524,5,177.42
525,1,175.92
525,2,180.09
525,5,180.12
526,1,176.13
526,4,179.34
526,5,179.37
527,1,176.65
527,3,177.64
527,5,177.67
528,1,176.9
528,3,178.21
528,5,178.24
529,1,177.39
529,4,180.2
529,5,180.24
530,1,177.64
530,3,178.7
530,5,178.73
531,1,178
531,2,182.16
531,5,182.2
532,1,178.21
532,3,178.71
532,5,178.77
533,1,178.7
533,3,180.74
533,5,180.77
534,1,178.71
534,3,183.9
534,5,183.93
535,1,179.34
535,4,180.24
535,5,180.27
536,1,180.09
536,2,183.99
536,5,184.02
537,1,180.2
537,4,180.39
537,5,180.42
538,1,180.24
538,4,181.08
538,5,181.11
539,1,180.39
539,4,181.35
539,5,181.38
540,1,180.74
540,3,186.31
540,5,186.34
541,1,181.08
541,4,181.84
541,5,181.87
542,1,181.35
542,4,183.06
542,5,183.09
543,1,181.84
543,4,183.55
543,5,183.58
544,1,182.16
544,2,185.96
544,5,185.99
545,1,183.06
545,4,184.33
545,5,184.36
546,1,183.55
546,4,185.02
546,5,185.06
547,1,183.9
547,3,186.83
547,5,186.86
548,1,183.99
548,2,188.15
548,5,188.18
549,1,184.33
549,4,185.51
549,5,185.55
550,1,185.02
550,4,186.47
550,5,186.5
551,1,185.51
551,4,187.47
551,5,187.5
552,1,185.96
552,2,189.99
552,5,190.02
553,1,186.31
553,3,186.95
553,5,186.99
554,1,186.47
554,4,188.32
554,5,188.35
555,1,186.83
555,3,189.5
555,5,189.54
556,1,186.95
556,3,189.6
556,5,189.63
557,1,187.47
557,4,189.76
557,5,189.79
558,1,188.15
558,2,191.99
558,5,192.02
559,1,188.32
559,4,189.91
559,5,189.94
560,1,189.5
560,3,190.74
560,5,190.78
561,1,189.6
561,3,191.07
561,5,191.11
562,1,189.76
562,4,190.83
562,5,190.87
563,1,189.91
563,4,192.4
563,5,192.44
564,1,189.99
564,2,193.7
564,5,193.73
565,1,190.74
565,3,191.69
565,5,191.72
566,1,190.83
566,4,192.43
566,5,192.47
567,1,191.07
567,3,192.75
567,5,192.78
568,1,191.69
568,3,194.58
568,5,194.61
569,1,191.99
569,2,195.59
569,5,195.62
570,1,192.4
570,4,192.58
570,5,192.61
571,1,192.43
571,4,193.14
571,5,193.17
572,1,192.58
572,4,193.78
572,5,193.81
573,1,192.75
573,3,195.3
573,5,195.33
574,1,193.14
574,4,195.13
574,5,195.16
575,1,193.7
575,2,197.75
575,5,197.79
576,1,193.78
576,4,195.31
576,5,195.37
577,1,194.58
577,3,195.6
577,5,195.65
578,1,195.13
578,4,196.54
578,5,196.58
579,1,195.3
579,3,197.41
579,5,197.44
580,1,195.31
580,4,197.15
580,5,197.18
581,1,195.59
581,2,199.94
581,5,199.97
582,1,195.6
582,3,197.94
582,5,197.97
583,1,196.54
583,4,198.04
583,5,198.07
584,1,197.15
584,4,200.7
584,5,200.73
585,1,197.41
585,3,198.43
585,5,198.47
586,1,197.75
586,2,202.11
586,5,202.14
587,1,197.94
587,3,199.15
587,5,199.18
588,1,198.04
588,4,201.32
588,5,201.35
589,1,198.43
589,3,200.58
589,5,200.61
590,1,199.15
590,3,201.8
590,5,201.83
591,1,199.94
591,2,204.22
591,5,204.26
592,1,200.58
592,3,203.81
592,5,203.84
593,1,200.7
593,4,201.54
593,5,201.58
594,1,201.32
594,4,202.04
594,5,202.08
595,1,201.54
595,4,202.23
595,5,202.27
596,1,201.8
596,3,204.19
596,5,204.23
597,1,202.04
597,4,202.84
597,5,202.87
598,1,202.11
598,2,206.15
598,5,206.19
599,1,202.23
599,4,202.99
599,5,203.03
600,1,202.84
600,4,203.21
600,5,203.25
601,1,202.99
601,4,203.59
601,5,203.62
602,1,203.21
602,4,205.53
602,5,205.57
603,1,203.59
603,4,205.55
603,5,205.6
604,1,203.81
604,3,206.62
604,5,206.65
605,1,204.19
605,3,206.96
605,5,207
606,1,204.22
606,2,208.18
606,5,208.22
607,1,205.53
607,4,206.2
607,5,206.23
608,1,205.63
608,4,207.08
608,5,207.12
609,1,206.15
609,2,210.22
609,5,210.25
610,1,206.22
610,4,207.17
610,5,207.2
611,1,206.62
611,3,207.06
611,5,207.09
612,1,206.96
612,3,207.32
612,5,207.35
613,1,207.06
613,3,207.91
613,5,207.95
614,1,207.08
614,4,208.08
614,5,208.12
615,1,207.17
615,4,208.92
615,5,208.96
616,1,207.32
616,3,211.65
616,5,211.69
617,1,207.91
617,3,211.95
617,5,211.98
618,1,208.08
618,4,209.3
618,5,209.33
619,1,208.18
619,2,212.16
619,5,212.19
620,1,208.92
620,4,209.43
620,5,209.46
621,1,209.3
621,4,210.33
621,5,210.36
622,1,209.43
622,4,211.34
622,5,211.37
623,1,210.22
623,2,214.18
623,5,214.22
624,1,210.33
624,4,212
624,5,212.03
625,1,211.34
625,4,212.25
625,5,212.28
626,1,211.65
626,3,212.51
626,5,212.54
627,1,211.95
627,3,212.53
627,5,212.58
628,1,212
628,4,212.72
628,5,212.76
629,1,212.16
629,2,215.88
629,5,215.91
630,1,212.25
630,4,214.92
630,5,214.95
631,1,212.51
631,3,212.59
631,5,212.62
632,1,212.53
632,3,213.04
632,5,213.08
633,1,212.59
633,3,215.65
633,5,215.68
634,1,212.72
634,4,215.08
634,5,215.11
635,1,213.04
635,3,219.39
635,5,219.46
636,1,214.18
636,2,217.91
636,5,217.95
637,1,214.92
637,4,215.27
637,5,215.3
638,1,215.08
638,4,217.62
638,5,217.65
639,1,215.27
639,4,217.88
639,5,217.91
640,1,215.65
640,3,225.49
640,5,225.53
641,1,215.88
641,2,219.68
641,5,219.72
642,1,217.62
642,4,218.46
642,5,218.49
643,1,217.88
643,4,218.88
643,5,218.92
644,1,217.93
644,2,221.54
644,5,221.57
645,1,218.46
645,4,219.3
645,5,219.33
646,1,218.88
646,4,219.39
646,5,219.42
647,1,219.3
647,4,221.3
647,5,221.33
648,1,219.39
648,4,221.46
648,5,221.49
649,1,219.39
649,3,225.64
649,5,225.67
650,1,219.68
650,2,223.32
650,5,223.35
651,1,221.3
651,4,222.75
651,5,222.79
652,1,221.46
652,4,223.38
652,5,223.41
653,1,221.54
653,2,225.01
653,5,225.05
654,1,222.75
654,4,225.94
654,5,225.98
655,1,223.32
655,2,226.67
655,5,226.71
656,1,223.38
656,4,226.98
656,5,227.01
657,1,225.01
657,2,228.34
657,5,228.38
658,1,225.49
658,3,225.95
658,5,226.01
659,1,225.64
659,3,225.98
659,5,226.04
660,1,225.94
660,4,227.87
660,5,227.9
661,1,225.99
661,3,226.94
661,5,226.97
662,1,226.06
662,3,227.96
662,5,227.99
663,1,226.67
663,2,230.49
663,5,230.52
664,1,226.94
664,3,229.09
664,5,229.13
665,1,226.98
665,4,229.27
665,5,229.3
666,1,227.87
666,4,229.51
666,5,229.54
667,1,227.96
667,3,230.25
667,5,230.29
668,1,228.34
668,2,232.39
668,5,232.42
669,1,229.09
669,3,230.96
669,5,230.99
670,1,229.27
670,4,229.73
670,5,229.77
671,1,229.51
671,4,229.96
671,5,229.99
672,1,229.73
672,4,231.25
672,5,231.28
673,1,229.96
673,4,232.04
673,5,232.07
674,1,230.25
674,3,230.97
674,5,231.02
675,1,230.49
675,2,234.28
675,5,234.31
676,1,230.96
676,3,232.57
676,5,232.6
677,1,230.99
677,3,234.33
677,5,234.38
678,1,231.25
678,4,232.68
678,5,232.71
679,1,232.04
679,4,232.74
679,5,232.78
680,1,232.39
680,2,236.29
680,5,236.33
681,1,232.57
681,3,234.57
681,5,234.6
682,1,232.68
682,4,233.74
682,5,233.77
683,1,232.74
683,4,233.95
683,5,233.98
684,1,233.74
684,4,234.32
684,5,234.35
685,1,233.95
685,4,235.2
685,5,235.23
686,1,234.28
686,2,237.96
686,5,238
687,1,234.32
687,4,236.78
687,5,236.81
688,1,234.33
688,3,235.62
688,5,235.65
689,1,234.57
689,3,236.07
689,5,236.1
690,1,235.2
690,4,238.4
690,5,238.43
691,1,235.62
691,3,238.03
691,5,238.06
692,1,236.07
692,3,238.2
692,5,238.23
693,1,236.29
693,2,239.95
693,5,239.98
694,1,236.78
694,4,239.89
694,5,239.92
695,1,237.96
695,2,241.67
695,5,241.71
696,1,238.03
696,3,239.19
696,5,239.22
697,1,238.2
697,3,239.85
697,5,239.88
698,1,238.4
698,4,240.46
698,5,240.5
699,1,239.19
699,3,241.87
699,5,241.91
700,1,239.85
700,3,243.11
700,5,243.14
701,1,239.89
701,4,243.85
701,5,243.88
702,1,239.95
702,2,243.36
702,5,243.4
703,1,240.46
703,4,244.38
703,5,244.41
704,1,241.67
704,2,245.22
704,5,245.25
705,1,241.87
705,3,244.43
705,5,244.46
706,1,243.11
706,3,245.39
706,5,245.42
707,1,243.36
707,2,247.1
707,5,247.15
708,1,243.85
708,4,246.21
708,5,246.24
709,1,244.38
709,4,246.32
709,5,246.35
710,1,244.43
710,3,248.5
710,5,248.54
711,1,245.22
711,2,249.05
711,5,249.09
712,1,245.39
712,3,248.63
712,5,248.66
713,1,246.21
713,4,246.88
713,5,246.91
714,1,246.32
714,4,247.08
714,5,247.12
715,1,246.88
715,4,248.08
715,5,248.12
716,1,247.08
716,4,248.37
716,5,248.41
717,1,247.1
717,2,250.94
717,5,250.97
718,1,248.08
718,4,248.73
718,5,248.77
719,1,248.37
719,4,249.35
719,5,249.38
720,1,248.5
720,3,253.18
720,5,253.22
721,1,248.63
721,3,253.4
721,5,253.43
722,1,248.73
722,4,250.11
722,5,250.14
723,1,249.05
723,2,251
723,5,251.04
724,1,249.35
724,4,250.38
724,5,250.42
725,1,250.11
725,4,251.03
725,5,251.07
726,1,250.38
726,4,251.86
726,5,251.89
727,1,250.94
727,2,251.07
727,5,251.1
728,1,251
728,2,251.14
728,5,251.17
729,1,251.03
729,4,252
729,5,252.04
730,1,251.07
730,2,251.21
730,5,251.24
731,1,251.14
731,2,251.27
731,5,251.3
732,1,251.21
732,2,251.33
732,5,251.37
733,1,251.27
733,2,251.4
733,5,251.44
734,1,251.33
734,2,251.47
734,5,251.5
735,1,251.4
735,2,251.53
735,5,251.56
736,1,251.47
736,2,251.6
736,5,251.64
737,1,251.53
737,2,251.67
737,5,251.71
738,1,251.6
738,2,251.74
738,5,251.78
739,1,251.67
739,2,251.81
739,5,251.84
740,1,251.74
740,2,251.87
740,5,251.92
741,1,251.81
741,2,251.94
741,5,251.97
742,1,251.86
742,4,252.28
742,5,252.31
743,1,251.87
743,2,252.01
743,5,252.07
744,1,251.94
744,2,252.08
744,5,252.11
745,1,252
745,4,254.32
745,5,254.36
746,1,252.01
746,2,252.14
746,5,252.17
747,1,252.1
747,2,254.1
747,5,254.14
748,1,252.14
748,2,255.77
748,5,255.81
749,1,252.28
749,4,256.75
749,5,256.79
750,1,253.18
750,3,253.84
750,5,253.87
751,1,253.4
751,3,254.01
751,5,254.04
752,1,253.84
752,3,254.82
752,5,254.85
753,1,254.01
753,3,255.47
753,5,255.5
754,1,254.1
754,2,257.71
754,5,257.74
755,1,254.32
755,4,257.1
755,5,257.13
756,1,254.82
756,3,257.24
756,5,257.28
757,1,255.47
757,3,261.48
757,5,261.51
758,1,255.77
758,2,259.36
758,5,259.42
759,1,256.75
759,4,257.61
759,5,257.64
760,1,257.1
760,4,258.08
760,5,258.12
761,1,257.24
761,3,263.66
761,5,263.69
762,1,257.61
762,4,258.24
762,5,258.27
763,1,257.71
763,2,261.26
763,5,261.29
764,1,258.08
764,4,258.98
764,5,259.01
765,1,258.24
765,4,259.24
765,5,259.28
766,1,258.98
766,4,259.36
766,5,259.39
767,1,259.24
767,4,259.62
767,5,259.66
768,1,259.36
768,4,261.35
768,5,261.38
769,1,259.37
769,2,262.95
769,5,262.98
770,1,259.62
770,4,261.45
770,5,261.48
771,1,261.26
771,2,264.85
771,5,264.89
772,1,261.35
772,4,264.25
772,5,264.28
773,1,261.45
773,4,264.94
773,5,264.98
774,1,261.48
774,3,265.97
774,5,266
775,1,262.95
775,2,266.93
775,5,266.96
776,1,263.66
776,3,268.24
776,5,268.28
777,1,264.25
777,4,266.35
777,5,266.38
778,1,264.85
778,2,268.74
778,5,268.77
779,1,264.94
779,4,269.84
779,5,269.88
780,1,265.97
780,3,268.85
780,5,268.89
781,1,266.35
781,4,270.16
781,5,270.2
782,1,266.93
782,2,270.91
782,5,270.95
783,1,268.24
783,3,269.07
783,5,269.11
784,1,268.74
784,2,273.09
784,5,273.13
785,1,268.85
785,3,272.46
785,5,272.49
786,1,269.07
786,3,272.65
786,5,272.68
787,1,269.84
787,4,270.52
787,5,270.55
788,1,270.16
788,4,270.58
788,5,270.61
789,1,270.52
789,4,271.76
789,5,271.79
790,1,270.58
790,4,272.48
790,5,272.52
791,1,270.91
791,2,275.21
791,5,275.24
792,1,271.76
792,4,274.72
792,5,274.75
793,1,272.46
793,3,274.17
793,5,274.21
794,1,272.49
794,4,274.82
794,5,274.85
795,1,272.65
795,3,277.34
795,5,277.38
796,1,273.09
796,2,277.26
796,5,277.3
797,1,274.17
797,3,278.16
797,5,278.19
798,1,274.72
798,4,274.96
798,5,275
799,1,274.82
799,4,277.63
799,5,277.67
800,1,274.96
800,4,277.67
800,5,277.7
801,1,275.21
801,2,279.11
801,5,279.15
802,1,277.26
802,2,281.25
802,5,281.29
803,1,277.34
803,3,278.18
803,5,278.23
804,1,277.63
804,4,279.14
804,5,279.18
805,1,277.67
805,4,282.4
805,5,282.43
806,1,278.16
806,3,278.31
806,5,278.34
807,1,278.2
807,3,278.51
807,5,278.55
808,1,278.31
808,3,280.51
808,5,280.55
809,1,278.51
809,3,282.77
809,5,282.8
810,1,279.11
810,2,283.31
810,5,283.34
811,1,279.14
811,4,282.93
811,5,282.96
812,1,280.51
812,3,285.38
812,5,285.41
813,1,281.25
813,2,285.16
813,5,285.19
814,1,282.4
814,4,283.69
814,5,283.72
815,1,282.77
815,3,286.24
815,5,286.28
816,1,282.93
816,4,283.8
816,5,283.83
817,1,283.31
817,2,287.08
817,5,287.12
818,1,283.69
818,4,284.25
818,5,284.28
819,1,283.8
819,4,286.12
819,5,286.16
820,1,284.25
820,4,287.27
820,5,287.31
821,1,285.16
821,2,289.1
821,5,289.13
822,1,285.38
822,3,286.68
822,5,286.72
823,1,286.12
823,4,288.76
823,5,288.79
824,1,286.24
824,3,287.34
824,5,287.37
825,1,286.68
825,3,287.65
825,5,287.68
826,1,287.08
826,2,291.23
826,5,291.27
827,1,287.27
827,4,291.18
827,5,291.21
828,1,287.34
828,3,288.56
828,5,288.59
829,1,287.65
829,3,288.91
829,5,288.95
830,1,288.56
830,3,288.96
830,5,289
831,1,288.76
831,4,291.5
831,5,291.54
832,1,288.91
832,3,289.43
832,5,289.47
833,1,289.03
833,3,291.04
833,5,291.07
834,1,289.12
834,2,293.17
834,5,293.2
835,1,289.43
835,3,291.54
835,5,291.57
836,1,291.04
836,3,294.24
836,5,294.28
837,1,291.18
837,4,292.17
837,5,292.2
838,1,291.23
838,2,295.07
838,5,295.11
839,1,291.5
839,4,296.66
839,5,296.7
840,1,291.54
840,3,294.52
840,5,294.56
841,1,292.17
841,4,297.22
841,5,297.26
842,1,293.17
842,2,297.15
842,5,297.18
843,1,294.24
843,3,296.69
843,5,296.73
844,1,294.52
844,3,297.03
844,5,297.06
845,1,295.07
845,2,299.03
845,5,299.07
846,1,296.66
846,4,297.84
846,5,297.88
847,1,296.69
847,3,297.73
847,5,297.76
848,1,297.03
848,3,297.82
848,5,297.85
849,1,297.15
849,2,301.09
849,5,301.12
850,1,297.22
850,4,298.11
850,5,298.15
851,1,297.73
851,3,298.9
851,5,298.94
852,1,297.82
852,3,299.56
852,5,299.59
853,1,297.88
853,4,298.36
853,5,298.39
854,1,298.14
854,4,298.92
854,5,298.97
855,1,298.36
855,4,300.94
855,5,300.98
856,1,298.9
856,3,300.98
856,5,301.01
857,1,298.92
857,4,301.54
857,5,301.57
858,1,299.03
858,2,302.83
858,5,302.86
859,1,299.56
859,3,301.37
859,5,301.4
860,1,300.94
860,4,303.09
860,5,303.12
861,1,301
861,3,302.41
861,5,302.45
862,1,301.09
862,2,304.95
862,5,304.98
863,1,301.37
863,3,304.13
863,5,304.17
864,1,301.54
864,4,304.18
864,5,304.22
865,1,302.41
865,3,305.09
865,5,305.12
866,1,302.83
866,2,306.94
866,5,306.97
867,1,303.09
867,4,304.42
867,5,304.45
868,1,304.13
868,3,305.66
868,5,305.69
869,1,304.18
869,4,304.91
869,5,304.94
870,1,304.42
870,4,305.05
870,5,305.08
871,1,304.91
871,4,305.2
871,5,305.23
872,1,304.95
872,2,308.85
872,5,308.9
873,1,305.05
873,4,306.16
873,5,306.19
874,1,305.11
874,3,305.77
874,5,305.8
875,1,305.2
875,4,306.66
875,5,306.69
876,1,305.66
876,3,306.09
876,5,306.13
877,1,305.77
877,3,306.72
877,5,306.76
878,1,306.09
878,3,307.93
878,5,307.96
879,1,306.16
879,4,308.77
879,5,308.81
880,1,306.66
880,4,309.34
880,5,309.37
881,1,306.72
881,3,308.02
881,5,308.05
882,1,306.94
882,2,310.6
882,5,310.63
883,1,307.93
883,3,308.83
883,5,308.86
884,1,308.02
884,3,310.42
884,5,310.45
885,1,308.77
885,4,309.68
885,5,309.72
886,1,308.83
886,3,311.42
886,5,311.45
887,1,308.85
887,2,312.31
887,5,312.34
888,1,309.34
888,4,310.32
888,5,310.35
889,1,309.68
889,4,311.14
889,5,311.17
890,1,310.32
890,4,311.93
890,5,311.97
891,1,310.42
891,3,311.72
891,5,311.75
892,1,310.6
892,2,314.35
892,5,314.39
893,1,311.14
893,4,312.85
893,5,312.89
894,1,311.42
894,3,313.17
894,5,313.21
895,1,311.72
895,3,316.26
895,5,316.29
896,1,311.93
896,4,314.16
896,5,314.19
897,1,312.31
897,2,316.18
897,5,316.22
898,1,312.85
898,4,314.26
898,5,314.29
899,1,313.17
899,3,321.12
899,5,321.16
900,1,314.16
900,4,315.5
900,5,315.53
901,1,314.26
901,4,317.83
901,5,317.86
902,1,314.35
902,2,318.29
902,5,318.32
903,1,315.5
903,4,319.34
903,5,319.37
904,1,316.18
904,2,320.19
904,5,320.22
905,1,316.26
905,3,322.81
905,5,322.85
906,1,317.83
906,4,320.02
906,5,320.06
907,1,318.29
907,2,320.26
907,5,320.29
908,1,319.34
908,4,320.16
908,5,320.19
909,1,320.02
909,4,320.64
909,5,320.71
910,1,320.16
910,4,321.48
910,5,321.54
911,1,320.19
911,2,320.32
911,5,320.36
912,1,320.26
912,2,320.38
912,5,320.42
913,1,320.32
913,2,320.44
913,5,320.47
914,1,320.38
914,2,320.5
914,5,320.54
915,1,320.44
915,2,320.57
915,5,320.6
916,1,320.51
916,2,320.64
916,5,320.67
917,1,320.57
917,2,320.7
917,5,320.74
918,1,320.64
918,2,320.76
918,5,320.79
919,1,320.64
919,4,321.67
919,5,321.71
920,1,320.7
920,2,320.82
920,5,320.85
921,1,320.76
921,2,320.87
921,5,320.91
922,1,320.82
922,2,320.94
922,5,320.97
923,1,320.87
923,2,321
923,5,321.04
924,1,320.94
924,2,321.07
924,5,321.1
925,1,321
925,2,321.14
925,5,321.19
926,1,321.07
926,2,321.21
926,5,321.24
927,1,321.12
927,3,322.87
927,5,322.9
928,1,321.14
928,2,321.27
928,5,321.3
929,1,321.21
929,2,321.34
929,5,321.38
930,1,321.27
930,2,321.41
930,5,321.44
931,1,321.34
931,2,321.47
931,5,321.5
932,1,321.41
932,2,321.54
932,5,321.57
933,1,321.47
933,2,321.6
933,5,321.63
934,1,321.51
934,4,323.25
934,5,323.28
935,1,321.54
935,2,323.53
935,5,323.57
936,1,321.6
936,2,325.18
936,5,325.21
937,1,321.67
937,4,323.84
937,5,323.88
938,1,322.81
938,3,324.03
938,5,324.06
939,1,322.87
939,3,325.24
939,5,325.28
940,1,323.25
940,4,324.85
940,5,324.88
941,1,323.53
941,2,327.19
941,5,327.22
942,1,323.84
942,4,325.02
942,5,325.06
943,1,324.03
943,3,325.88
943,5,325.91
944,1,324.85
944,4,325.2
944,5,325.25
945,1,325.02
945,4,325.26
945,5,325.31
946,1,325.18
946,2,329.31
946,5,329.34
947,1,325.24
947,4,326.04
947,5,326.08
948,1,325.26
948,3,327.35
948,5,327.38
949,1,325.32
949,4,326.06
949,5,326.11
950,1,325.88
950,3,328.02
950,5,328.06
951,1,326.04
951,4,327.66
951,5,327.7
952,1,326.18
952,4,328.33
952,5,328.37
953,1,327.19
953,2,331.17
953,5,331.21
954,1,327.35
954,3,329.38
954,5,329.41
955,1,327.66
955,4,333.42
955,5,333.45
956,1,328.02
956,3,331.2
956,5,331.24
957,1,328.33
957,4,335.91
957,5,335.95
958,1,329.31
958,2,332.86
958,5,332.89
959,1,329.38
959,3,332.49
959,5,332.52
960,1,331.17
960,2,334.64
960,5,334.68
961,1,331.2
961,3,333.14
961,5,333.17
962,1,332.49
962,3,334.61
962,5,334.65
963,1,332.86
963,2,336.4
963,5,336.43
964,1,333.14
964,3,334.8
964,5,334.83
965,1,333.42
965,4,337.33
965,5,337.36
966,1,334.61
966,3,336.36
966,5,336.39
967,1,334.67
967,2,338.45
967,5,338.48
968,1,334.8
968,3,338.63
968,5,338.66
969,1,335.91
969,4,338.23
969,5,338.26
970,1,336.36
970,3,338.67
970,5,338.71
971,1,336.4
971,2,340.28
971,5,340.32
972,1,337.33
972,4,344.45
972,5,344.48
973,1,338.23
973,4,344.79
973,5,344.83
974,1,338.45
974,2,342.12
974,5,342.15
975,1,338.63
975,3,340.64
975,5,340.68
976,1,338.67
976,3,341.6
976,5,341.64
977,1,340.28
977,2,344.09
977,5,344.12
978,1,340.64
978,3,341.75
978,5,341.79
979,1,341.6
979,3,342.65
979,5,342.68
980,1,341.75
980,3,342.99
980,5,343.03
981,1,342.12
981,2,346.15
981,5,346.18
982,1,342.65
982,3,343.37
982,5,343.4
983,1,342.99
983,3,343.79
983,5,343.82
984,1,343.37
984,3,349.28
984,5,349.31
985,1,343.79
985,3,354.41
985,5,354.44
986,1,344.09
986,2,348.15
986,5,348.18
987,1,344.45
987,4,344.81
987,5,344.86
988,1,344.79
988,4,345.17
988,5,345.2
989,1,344.81
989,4,346.23
989,5,346.27
990,1,345.17
990,4,347.35
990,5,347.38
991,1,346.15
991,2,350.08
991,5,350.11
992,1,346.23
992,4,348.31
992,5,348.34
993,1,347.35
993,4,352.61
993,5,352.64
994,1,348.15
994,2,352.1
994,5,352.14
995,1,348.31
995,4,352.66
995,5,352.7
996,1,349.28
996,3,355
996,5,355.03
997,1,350.08
997,2,354.03
997,5,354.06
998,1,352.1
998,2,355.93
998,5,355.96
999,1,352.61
999,4,352.93
999,5,352.96
1000,1,352.66
1000,4,353.09
1000,5,353.12
