{
    "class_definition": {
        "definitions": {
            "distributionTypes": {
                "_fixed": {
                    "description": "Fixed",
                    "title": "Fixed",
                    "type": "object",
                    "properties": {
                        "mean": {
                            "type": "number",
                            "default": 0.75,
                            "required": true
                        }
                    }
                },
                "_exp": {
                    "type": "object",
                    "title": "Exp",
                    "description": "Exponential",
                    "properties": {
                        "mean": {
                            "type": "number",
                            "default": 0,
                            "required": true
                        }
                    }
                },
                "_normal": {
                    "type": "object",
                    "title": "Normal",
                    "description": "Normal",
                    "properties": {
                        "mean": {
                            "type": "number",
                            "default": 0,
                            "required": true
                        },
                        "stdev": {
                            "type": "number",
                            "default": 0,
                            "required": true
                        }
                    }
                },
                "_lognormal": {
                    "type": "object",
                    "title": "Lognormal",
                    "description": "Lognormal",
                    "properties": {
                        "mean": {
                            "_class": "manpy.Property",
                            "name": "Mean",
                            "type": "number",
                            "default": 0
                        },
                        "stdev": {
                            "_class": "manpy.Property",
                            "name": "Standard Deviation",
                            "type": "number",
                            "default": 0
                        }
                    }
                },
                "_binomial": {
                    "type": "object",
                    "title": "Binomial",
                    "description": "Binomial",
                    "properties": {
                        "mean": {
                            "type": "number",
                            "default": 0
                        },
                        "size": {
                            "type": "number",
                            "default": 0
                        }
                    }
                },
                "_poisson": {
                    "type": "object",
                    "title": "Poisson",
                    "description": "Poisson",
                    "properties": {
                        "lambda": {
                            "type": "number",
                            "default": 0
                        }
                    }
                },
                "_logistic": {
                    "type": "object",
                    "title": "Logistic",
                    "description": "Logistic",
                    "properties": {
                        "location": {
                            "type": "number",
                            "default": 0,
                            "required": true
                        },
                        "scale": {
                            "type": "number",
                            "default": 0,
                            "required": true
                        }
                    }
                },
                "_cauchy": {
                    "type": "object",
                    "title": "Cauchy",
                    "description": "Cauchy",
                    "properties": {
                        "location": {
                            "type": "number",
                            "default": 0
                        },
                        "scale": {
                            "type": "number",
                            "default": 0
                        }
                    }
                },
                "_geometric": {
                    "type": "object",
                    "title": "Geometric",
                    "description": "Geometric",
                    "properties": {
                        "probability": {
                            "type": "number",
                            "default": 0,
                            "required": true
                        }
                    }
                },
                "_gama": {
                    "type": "object",
                    "title": "Gama",
                    "description": "Gama",
                    "properties": {
                        "shape": {
                            "type": "number",
                            "default": 0,
                            "required": true
                        },
                        "rate": {
                            "type": "number",
                            "default": 0,
                            "required": true
                        }
                    }
                },
                "_weibull": {
                    "type": "object",
                    "title": "Weibull",
                    "description": "Weibull",
                    "properties": {
                        "shape": {
                            "type": "number",
                            "default": 0,
                            "required": true
                        },
                        "scale": {
                            "type": "number",
                            "default": 0,
                            "required": true
                        }
                    }
                },
                "_failure": {
                    "type": "object",
                    "title": "Yes",
                    "description": "Fixed",
                    "properties": {
                        "TTF": {
                            "name": "Time to Failure",
                            "$ref": "#/definitions/_dist"
                        },
                        "TTR": {
                            "name": "Time to Repair",
                            "$ref": "#/definitions/_dist"
                        },
                        "repairman": {
                            "description": "Repairman",
                            "type": "string",
                            "required": true
                        }
                    }
                },
                "_no": {
                    "type": "string",
                    "title": "No",
                    "description": "None"
                }
            },
            "_failureDist": {
                "allOf": [
                    {
                        "type": "object",
                        "properties": {
                            "failureDistribution": {
                                "type": "string",
                                "default": "No",
                                "enum": [
                                    "No",
                                    "Yes"
                                ]
                            }
                        }
                    },
                    {
                        "oneOf": [
                            {
                                "$ref": "#/definitions/distributionTypes/_failure"
                            },
                            {
                                "$ref": "#/definitions/distributionTypes/_no"
                            }
                        ]
                    }
                ]
            },
            "_dist": {
                "allOf": [
                    {
                        "type": "object",
                        "properties": {
                            "distribution": {
                                "type": "string",
                                "default": "Fixed",
                                "enum": [
                                    "Fixed",
                                    "Exp",
                                    "Normal",
                                    "Lognormal",
                                    "Binomial",
                                    "Poisson",
                                    "Logistic",
                                    "Cauchy",
                                    "Geometric",
                                    "Gama",
                                    "Weibull"
                                ]
                            }
                        }
                    },
                    {
                        "oneOf": [
                            {
                                "$ref": "#/definitions/distributionTypes/_fixed"
                            },
                            {
                                "$ref": "#/definitions/distributionTypes/_exp"
                            },
                            {
                                "$ref": "#/definitions/distributionTypes/_normal"
                            },
                            {
                                "$ref": "#/definitions/distributionTypes/_lognormal"
                            },
                            {
                                "$ref": "#/definitions/distributionTypes/_binomial"
                            },
                            {
                                "$ref": "#/definitions/distributionTypes/_poisson"
                            },
                            {
                                "$ref": "#/definitions/distributionTypes/_logistic"
                            },
                            {
                                "$ref": "#/definitions/distributionTypes/_cauchy"
                            },
                            {
                                "$ref": "#/definitions/distributionTypes/_geometric"
                            },
                            {
                                "$ref": "#/definitions/distributionTypes/_gama"
                            },
                            {
                                "$ref": "#/definitions/distributionTypes/_weibull"
                            }
                        ]
                    }
                ]
            },
            "_schedulingRule": {
                "description": "Scheduling Rule, one of FIFO Priority EDD EOD NumStages RPC LPT SPT MS WINQ",
                "type": "string",
                "default": "FIFO",
                "enum": [
                    "FIFO",
                    "Priority",
                    "EDD",
                    "EOD",
                    "NumStages",
                    "RPC",
                    "LPT",
                    "SPT",
                    "MS",
                    "WINQ",
                    "WT"
                ]
            },
            "_capacity": {
                "description": "capacity of the queue. -1 means infinite",
                "type": "number",
                "default": 1,
                "oneOf": [
                    {
                        "enum": [
                            -1
                        ]
                    },
                    {
                        "multipleOf": 1
                    }
                ]
            },
            "_operationType": {
                "description": "the type of operations that are performed manually in the machine",
                "default": "Automatic",
                "type": "string",
                "enum": [
                    "Automatic",
                    "Manual"
                ]
            }
        },
        "edge": {
            "description": "Base definition for edge",
            "properties": {
                "_class": {
                    "type": "string"
                },
                "source": {
                    "type": "string"
                },
                "destination": {
                    "type": "string"
                },
                "name": {
                    "type": "string"
                }
            },
            "required": [
                "_class",
                "source",
                "destination"
            ],
            "type": "object"
        },
        "node": {
            "description": "Base definition for node",
            "properties": {
                "_class": {
                    "type": "string"
                },
                "coordinate": {
                    "properties": {
                        "left": "number",
                        "top": "number"
                    },
                    "type": "object"
                },
                "name": {
                    "type": "string"
                }
            },
            "required": [
                "name",
                "_class"
            ],
            "type": "object"
        },
        "manpy.Edge": {
            "_class": "edge",
            "allOf": [
                {
                    "$ref": "#/class_defintion/edge"
                }
            ],
            "description": "Connect stations together"
        },
        "manpy.simulation.applications.CapacityStations.CapacityStation.CapacityStation": {
            "name": "Machine",
            "description": "A station processing items for some time given by a distribution",
            "_class": "node",
            "css": {
                "border": "1px solid #cbc",
                "backgroundColor": "#fef",
                "backgroundImage": "linear-gradient(to bottom, #fef 0%, #ede 100%)"
            },
            "allOf": [
                {
                    "$ref": "#/node"
                },
                {
                    "type": "object",
                    "properties": {
                        "name": {
                            "type": "string",
                            "default": "Machine"
                        },
                        "id": {
                            "type": "string",
                            "default": "M",
                            "required": true
                        },
                        "requireFullProject": {
                            "_default": 0,
                            "description": "Is this station an assembly? Yes: 1, No: 0",
                            "type": "number",
                            "required": true
                        },
                        "pool": {
                            "_default": "",
                            "description": "The pool of workers that is used for this station. If this station does not share resources leave empty",
                            "type": "string",
                            "required": false
                        },
                        "priority": {
                            "_default": "",
                            "description": "The priority against other stations. If this station does not share resources leave empty",
                            "type": "number",
                            "required": false
                        }
                    }
                }
            ]
        }
    },
    "application_configuration": {
        "input": {
            "view": {
                "title": "ProductionLine",
                "type": "object_view",
                "gadget": "Input_viewProductionLine"
            },
	    "debug": {
		"gadget": "Input_viewDebugJson",
		"title": "Edit Configuration",
		"type": "object_view"
	    },
            "view_management": {
                "gadget": "Input_viewDocumentManagement",
                "type": "object_view",
                "title": "Manage document"
            },
            "view_available_capacity_spreadsheet": {
                "gadget": "Input_viewSpreadsheet",
                "type": "object_view",
                "title": "Available Capacity Spreadsheet",
                "configuration": {
                    "extend": [
                        "x",
                        "y"
                    ],
                    "columns": [
                        {
                            "name": "Day",
                            "type": "string",
                            "format": "date-time"
                        },
                        {
                            "name": "Station 1 (Rename)",
                            "type": "string"
                        },
                        {
                            "name": "Station 2 (Rename)",
                            "type": "string"
                        }
                    ],
					 "handsontable_options": {
						"minSpareCols": 1
					}
				}
            },
            "view_projects_spreadsheet": {
                "gadget": "Input_viewSpreadsheet",
                "type": "object_view",
                "title": "Projects Spreadsheet",
                "configuration": {
                    "extend": [
                        "y"
                    ],
                    "columns": [
                        {
                            "name": "Project ID",
                            "type": "string"
                        },
                        {
                            "name": "Order Date",
                            "type": "string",
                            "format": "date"
                        },
                        {
                            "name": "Due Date",
                            "type": "string",
                            "format": "date"
                        },
                        {
                            "name": "Assembly Space",
                            "type": "number"
                        },
                        {
                            "name": "Operation",
                            "type": "string"
                        },
                        {
                            "name": "Capacity Requirement",
                            "type": "number"
                        },
                        {
                            "name": "Earliest Start Date",
                            "type": "string",
                            "format": "date"
                        }
                    ]
                }
            },
            "view_wip_spreadsheet": {
                "gadget": "Input_viewSpreadsheet",
                "type": "object_view",
                "title": "Work in Progress Spreadsheet",
                "configuration": {
                    "extend": [
                        "x",
                        "y"
                    ],
                    "columns": [
                        {
                            "name": "Operation",
                            "type": "string"
                        },
                        {
                            "name": "Project1 (Rename)",
                            "type": "string"
                        },
                        {
                            "name": "Project2 (Rename)",
                            "type": "string"
                        }
                    ],
					 "handsontable_options": {
						"minSpareCols": 1
					}
                }
            },
            "view_run_simulation": {
                "title": "Run Simulation",
                "type": "object_view",
                "gadget": "Input_viewSimulation"
            },
            "view_result": {
                "gadget": "Input_viewResultList",
                "type": "object_view",
                "title": "Results"
            }
        },
        "output": {
			  "view_station_utilization": {
				"configuration": {
				  "output_id": "station_utilization"
				},
				"gadget": "Output_viewGraph",
				"title": "Station Utilization",
				"type": "object_view"
			  },
			  "view_project_gantt": {
				"configuration": {
				  "output_id": "capacity_project_gantt"
				},
				"gadget": "Output_viewGantt",
				"title": "Project Schedule",
				"type": "object_view"
			},
			  "view_station_gantt": {
				"configuration": {
				  "output_id": "capacity_station_gantt"
				},
				"gadget": "Output_viewGantt",
				"title": "Station Schedule",
				"type": "object_view"
			}
 		},
        "pre_processing": {
            "plugin_list": [
                {
                    "_class": "manpy.plugins.CapacityStations.CapacityStationsSetAssemblySpace.CapacityStationsSetAssemblySpace",
                    "input_id": "assemblySpace"
                },
                {
                    "_class": "manpy.plugins.CapacityStations.AvailableCapacitySpreadsheet.AvailableCapacitySpreadsheet",
                    "input_id": "availableCapacity"
                },
                {
                    "_class": "manpy.plugins.CapacityStations.CapacityProjectSpreadsheet.CapacityProjectSpreadsheet",
                    "input_id": "capacityProject"
                },
                {
                    "_class": "manpy.plugins.CapacityStations.CreateCapacityStations.CreateCapacityStations",
                    "input_id": "createCapacityStations"
                },
                {
                    "_class": "manpy.plugins.CapacityStations.CapacityStationWIPSpreadsheet.CapacityStationWIPSpreadsheet",
                    "input_id": "createCapacityStationWIP"
                }
            ]
        },
        "processing_plugin": {
            "_class": "manpy.plugins.plugin.DefaultExecutionPlugin",
            "input_id": "Simulation"
        },
        "post_processing": {
      "plugin_list": [
			{
			  "_class": "manpy.plugins.CapacityStations.CapacityProjectStationUtilization.CapacityProjectStationUtilization",
			  "family": "CapacityStation",
			  "output_id": "station_utilization"
			},
			{
			  "_class": "manpy.plugins.CapacityStations.CapacityProjectGantt.CapacityProjectGantt",
			  "output_id": "capacity_project_gantt"
			},
			{
			  "_class": "manpy.plugins.CapacityStations.CapacityStationGantt.CapacityStationGantt",
			  "output_id": "capacity_station_gantt"
			}
		  ]
        },
        "general": {
            "properties": {
                "numberOfReplications": {
                    "title": "Number of replications",
                    "type": "integer",
                    "description": "Number of replications to run",
                    "default": 10
                },
                "maxSimTime": {
                    "title": "Length of Experiment",
                    "description": "Length of the simulation run",
                    "type": "number",
                    "default": 100
                },
                "confidenceLevel": {
                    "title": "Confidence level",
                    "type": "number",
                    "default": 0.95,
                    "description": "Confidence level for statistical analysis of stochastic experiments"
                },
                "processTimeout": {
                    "title": "ProcessTimeout",
                    "type": "number",
                    "default": 10,
                    "description": "Number of seconds before the calculation process is interrupted"
                },
                "currentDate": {
                    "default": "2014/10/01",
                    "description": "The day the experiment starts, in YYYY/MM/DD format",
                    "title": "SimulationStartTime",
                    "type": "string"
                },
               "timeUnit": {
                  "default": "day",
                  "description": "Used for input and reporting widgets.",
                  "name": "Time unit",
                  "type": "string",
                  "enum": [
                    "minute",
                    "hour",
                    "day",
                    "week",
                    "month",
                    "year"
                  ]
                },
                "trace": {
                    "default": "No",
                    "enum": [
                        "No",
                        "Yes"
                    ],
                    "description": "Create an excel trace file (Yes or No)",
                    "title": "OutputTrace",
                    "type": "string"
                },
                "seed": {
                    "default": "1",
                    "description": "When using the same seed, the random number generator produce the same sequence of numbers",
                    "title": "Seed for random number generator",
                    "type": "number"
                },
                "ke_url": {
                    "default": "http: //git.erp5.org/gitweb/manpy.git/blob_plain/HEAD: /manpy/KnowledgeExtraction/Mockup_Processingtimes.xls",
                    "description": "The URL for knowledge extraction to access its data for example http: //git.erp5.org/gitweb/manpy.git/blob_plain/HEAD: /manpy/KnowledgeExtraction/Mockup_Processingtimes.xls",
                    "title": "URL for Knowledge Extraction Spreadsheet",
                    "type": "string"
                },
                "assemblySpace": {
                    "title": "Assembly Space",
                    "description": "Total assembly Space in square meters",
                    "type": "number",
                    "default": 100
                },
                "dueDateThreshold": {
                    "default": "14",
                    "description": "The number of dates for due date threshold",
                    "title": "dueDateThreshold",
                    "type": "string"
                }
            }
        }
    },
    "general": {},
    "graph": {
        "node": {},
        "edge": {}
    },
    "input": {},
    "result": {
        "result_list": []
    },
    "constraints": {}
}
