{
     "graph": {
          "node": {
               "Q1": {
                    "capacity": 4,
                    "name": "Q1",
                    "wip": [
                         {
                              "_class": "manpy.Batch",
                              "numberOfUnits": 10,
                              "name": "Batch0",
                              "id": "0"
                         },
                         {
                              "_class": "manpy.Batch",
                              "numberOfUnits": 10,
                              "name": "Batch1",
                              "id": "1"
                         }
                    ],
                    "interruptions": {},
                    "element_id": "manpyNode_30",
                    "_class": "manpy.Queue",
                    "schedulingRule": "FIFO"
               },
               "BD": {
                    "name": "Deco",
                    "processingTime": {
                         "Fixed": {
                              "mean": 0
                         }
                    },
                    "numberOfSubBatches": 2,
                    "interruptions": {},
                    "_class": "manpy.BatchDecompositionBlocking",
                    "id": "BD"
               },
               "Q2": {
                    "capacity": 4,
                    "name": "Q2",
                    "interruptions": {},
                    "element_id": "manpyNode_30",
                    "_class": "manpy.Queue",
                    "schedulingRule": "FIFO"
               },
               "E": {
                    "interruptions": {},
                    "_class": "manpy.Exit",
                    "name": "Stock",
                    "id": "E1"
               },
               "M1": {
                    "name": "M1",
                    "processingTime": {
                         "Fixed": {
                              "mean": 0.1
                         }
                    },
                    "interruptions": {},
                    "element_id": "manpyNode_8",
                    "_class": "manpy.BatchScrapMachine",
                    "id": "M1"
               },
               "BR": {
                    "name": "Reassembly",
                    "processingTime": {
                         "Fixed": {
                              "mean": 0
                         }
                    },
                    "numberOfSubBatches": 2,
                    "interruptions": {},
                    "_class": "manpy.BatchReassemblyBlocking",
                    "id": "BR"
               },
               "M2": {
                    "name": "M2",
                    "processingTime": {
                         "Fixed": {
                              "mean": 1
                         }
                    },
                    "interruptions": {},
                    "element_id": "manpyNode_8",
                    "_class": "manpy.BatchScrapMachine",
                    "id": "M2"
               }
          },
          "edge": {
               "1": {
                    "source": "Q1",
                    "destination": "BD",
                    "data": {},
                    "_class": "manpy.Edge"
               },
               "3": {
                    "source": "M1",
                    "destination": "BR",
                    "data": {},
                    "_class": "manpy.Edge"
               },
               "2": {
                    "source": "BD",
                    "destination": "M1",
                    "data": {},
                    "_class": "manpy.Edge"
               },
               "5": {
                    "source": "Q2",
                    "destination": "M2",
                    "data": {},
                    "_class": "manpy.Edge"
               },
               "4": {
                    "source": "BR",
                    "destination": "Q2",
                    "data": {},
                    "_class": "manpy.Edge"
               },
               "6": {
                    "source": "M2",
                    "destination": "E",
                    "data": {},
                    "_class": "manpy.Edge"
               }
          }
     },
     "general": {
          "maxSimTime": -1,
          "console": "No",
          "numberOfReplications": 1,
          "trace": "No"
     }
}
