{
    "graph": {
        "node": {
            "Q1": {
                "interruptions": {},
                "_class": "manpy.ConditionalBuffer",
                "name": "Queue1",
                "isDummy": "0"
            },
            "MA1": {
                "interruptions": {},
                "_class": "manpy.MouldAssembly",
                "id": "MA1",
                "operationType": "Load",
                "name": "Assembly"
            },
            "OP1": {
                "interruptions": {},
                "_class": "manpy.OperatorPool",
                "capacity": 2,
                "name": "Operator Pool 1"
            },
            "Q0": {
                "capacity": -1,
                "name": "StartQueue",
                "isDummy": "0",
                "wip": [
                    {
                        "id": "OD1",
                        "sequence": "1"
                    }
                ],
                "interruptions": {},
                "_class": "manpy.ConditionalBuffer"
            },
            "OD0": {
                "interruptions": {},
                "_class": "manpy.OrderDecomposition",
                "name": "Order Decomposition"
            },
            "AB1": {
                "capacity": -1,
                "name": "Assembly Buffer",
                "isDummy": "0",
                "interruptions": {},
                "_class": "manpy.MouldAssemblyBuffer",
                "id": "AB1"
            },
            "M1": {
                "interruptions": {},
                "_class": "manpy.MachineJobShop",
                "name": "Machine1",
                "operationType": "Load"
            },
            "M0": {
                "interruptions": {},
                "_class": "manpy.MachineJobShop",
                "name": "Design",
                "operationType": "Load"
            },
            "M2": {
                "interruptions": {},
                "_class": "manpy.MachineJobShop",
                "name": "Machine2",
                "operationType": "Load"
            },
            "E1": {
                "interruptions": {},
                "_class": "manpy.ExitJobShop",
                "name": "Exit"
            },
            "O2": {
                "interruptions": {},
                "_class": "manpy.Operator",
                "capacity": 1,
                "name": "Operator2"
            },
            "O1": {
                "interruptions": {},
                "_class": "manpy.Operator",
                "capacity": 1,
                "name": "Operator1"
            }
        },
        "edge": {
            "0": {
                "source": "O1",
                "destination": "OP1",
                "data": {},
                "_class": "manpy.Edge"
            },
            "1": {
                "source": "O2",
                "destination": "OP1",
                "data": {},
                "_class": "manpy.Edge"
            },
            "2": {
                "source": "OP1",
                "destination": "M0",
                "data": {},
                "_class": "manpy.Edge"
            },
            "3": {
                "source": "OP1",
                "destination": "M1",
                "data": {},
                "_class": "manpy.Edge"
            },
            "4": {
                "source": "OP1",
                "destination": "M2",
                "data": {},
                "_class": "manpy.Edge"
            },
            "5": {
                "source": "OP1",
                "destination": "MA1",
                "data": {},
                "_class": "manpy.Edge"
            }
        }
    },
    "_class": "manpy.Simulation",
    "input": {
        "BOM": {
            "productionOrders": [
                {
                    "componentsList": [
                        {
                            "route": [
                                {
                                    "stationIdsList": [
                                        "Q0"
                                    ],
                                    "sequence": "1"
                                },
                                {
                                    "operator": "O1",
                                    "processingTime": {
                                        "Fixed": {
                                            "mean": 1
                                        }
                                    },
                                    "stationIdsList": [
                                        "M0"
                                    ],
                                    "operationType": {
                                        "Processing": 1
                                    },
                                    "sequence": "1"
                                }
                            ],
                            "_class": "manpy.OrderDesign",
                            "id": "OD1",
                            "name": "OrderDesign1"
                        },
                        {
                            "componentType": "Mold Insert",
                            "route": [
                                {
                                    "stationIdsList": [
                                        "OD0"
                                    ],
                                    "sequence": ""
                                },
                                {
                                    "stationIdsList": [
                                        "Q1"
                                    ],
                                    "sequence": "2"
                                },
                                {
                                    "operator": "O1",
                                    "processingTime": {
                                        "Fixed": {
                                            "mean": 2
                                        }
                                    },
                                    "stationIdsList": [
                                        "M1",
                                        "M2"
                                    ],
                                    "operationType": {
                                        "Processing": 1
                                    },
                                    "sequence": "2"
                                },
                                {
                                    "stationIdsList": [
                                        "AB1"
                                    ],
                                    "sequence": "6"
                                },
                                {
                                    "stationIdsList": [
                                        "MA1"
                                    ],
                                    "sequence": "6"
                                }
                            ],
                            "_class": "manpy.OrderComponent",
                            "id": "C1",
                            "name": "Component1"
                        },
                        {
                            "componentType": "Misc",
                            "route": [
                                {
                                    "stationIdsList": [
                                        "OD0"
                                    ],
                                    "sequence": ""
                                },
                                {
                                    "stationIdsList": [
                                        "Q1"
                                    ],
                                    "sequence": "3"
                                },
                                {
                                    "operator": "O1",
                                    "processingTime": {
                                        "Fixed": {
                                            "mean": 1
                                        }
                                    },
                                    "stationIdsList": [
                                        "M1",
                                        "M2"
                                    ],
                                    "operationType": {
                                        "Processing": 1
                                    },
                                    "sequence": "3"
                                },
                                {
                                    "stationIdsList": [
                                        "AB1"
                                    ],
                                    "sequence": "6"
                                },
                                {
                                    "stationIdsList": [
                                        "MA1"
                                    ],
                                    "sequence": "6"
                                }
                            ],
                            "_class": "manpy.OrderComponent",
                            "id": "C2",
                            "name": "Component2"
                        },
                        {
                            "componentType": "K-Standards",
                            "route": [
                                {
                                    "stationIdsList": [
                                        "OD0"
                                    ],
                                    "sequence": ""
                                },
                                {
                                    "stationIdsList": [
                                        "Q1"
                                    ],
                                    "sequence": "4"
                                },
                                {
                                    "processingTime": {
                                        "Fixed": {
                                            "mean": 3
                                        }
                                    },
                                    "stationIdsList": [
                                        "M1",
                                        "M2"
                                    ],
                                    "requiredParts": [
                                        "C2",
                                        "C1"
                                    ],
                                    "operationType": {
                                        "Processing": 1
                                    },
                                    "sequence": "4"
                                },
                                {
                                    "stationIdsList": [
                                        "AB1"
                                    ],
                                    "sequence": "6"
                                },
                                {
                                    "stationIdsList": [
                                        "MA1"
                                    ],
                                    "sequence": "6"
                                }
                            ],
                            "_class": "manpy.OrderComponent",
                            "id": "C3",
                            "name": "Component3"
                        },
                        {
                            "route": [
                                {
                                    "operator": "O2",
                                    "processingTime": {
                                        "Fixed": {
                                            "mean": 1
                                        }
                                    },
                                    "stationIdsList": [
                                        "MA1"
                                    ],
                                    "operationType": {
                                        "Processing": 1
                                    },
                                    "sequence": "6"
                                },
                                {
                                    "stationIdsList": [
                                        "E1"
                                    ],
                                    "sequence": "6"
                                }
                            ],
                            "_class": "manpy.Mould",
                            "id": "Mo1",
                            "name": "Mould1"
                        }
                    ],
                    "_class": "manpy.Order",
                    "id": "O1",
                    "name": "Order 1"
                }
            ]
        }
    },
    "general": {
        "console": "No",
        "numberOfReplications": "1",
        "trace": "No",
        "confidenceLevel": "0.95",
        "maxSimTime": "-1",
        "_class": "manpy.Configuration"
    }
}
