{
     "graph": {
          "node": {
               "Q1": {
                    "capacity": -1,
                    "name": "Queue1",
                    "wip": [
                         {
                              "route": [
                                   {
                                        "stationIdsList": [
                                             "Q1"
                                        ]
                                   },
                                   {
                                        "processingTime": {
                                             "Fixed": {
                                                  "mean": 9.0
                                             }
                                        },
                                        "stationIdsList": [
                                             "M1"
                                        ]
                                   },
                                   {
                                        "stationIdsList": [
                                             "E1"
                                        ]
                                   }
                              ],
                              "_class": "manpy.Job",
                              "id": "J1",
                              "name": "Job1"
                         }
                    ],
                    "interruptions": {},
                    "_class": "manpy.QueueJobShop"
               },
               "M1": {
                    "interruptions": {
                         "failure": {
                              "TTR": {
                                   "Fixed": {
                                        "mean": 1
                                   }
                              },
                              "TTF": {
                                   "Fixed": {
                                        "mean": 7
                                   }
                              }
                         }
					},
					"_class": "manpy.MachineJobShop",
                    "name": "Machine1"
               },
               "E1": {
                    "interruptions": {},
                    "_class": "manpy.ExitJobShop",
                    "name": "Exit",
                "cancelCondition": {
                    "reason": "empty"
					}
               }
          },
          "edge": {}
     },
     "_class": "manpy.Simulation",
     "general": {
          "maxSimTime": "-1",
          "_class": "manpy.Configuration",
          "confidenceLevel": "0.95",
          "trace": "No",
          "numberOfReplications": "1"
     }
}
