{
     "graph": {
          "node": {
               "CSC": {
                    "dueDateThreshold": 7,
                    "name": "CSC",
                    "prioritizeIfCanFinish": 1,
                    "interval": "1",
                    "start": "0",
                    "interruptions": {},
                    "_class": "manpy.simulation.applications.CapacityStations.CapacityStationController.CapacityStationController"
               },
               "CB2": {
                    "interruptions": {},
                    "requireFullProject": 1,
                    "_class": "manpy.simulation.applications.CapacityStations.CapacityStationBuffer.CapacityStationBuffer",
                    "name": "ASBTSTBuffer",
                    "wip": [
                         {
                              "_class": "manpy.simulation.applications.CapacityStations.CapacityEntity.CapacityEntity",
                              "requiredCapacity": 50,
                              "capacityProjectId": "P2",
                              "name": "P2_ASBTST_50"
                         }
                    ]
               },
               "CB1": {
                    "interruptions": {},
                    "requireFullProject": 1,
                    "_class": "manpy.simulation.applications.CapacityStations.CapacityStationBuffer.CapacityStationBuffer",
                    "name": "PPASBBuffer",
                    "wip": [
                         {
                              "_class": "manpy.simulation.applications.CapacityStations.CapacityEntity.CapacityEntity",
                              "requiredCapacity": 50,
                              "capacityProjectId": "P1",
                              "name": "P1_ASBTST_50"
                         }
                    ]
               },
               "CE2": {
                    "interruptions": {},
                    "_class": "manpy.simulation.applications.CapacityStations.CapacityStationExit.CapacityStationExit",
                    "name": "ASBTSTExit"
               },
               "CE1": {
                    "interruptions": {},
                    "_class": "manpy.simulation.applications.CapacityStations.CapacityStationExit.CapacityStationExit",
                    "name": "PPASBExit",
                    "nextCapacityStationBufferId": "CB2"
               },
               "QD": {
                    "capacity": "-1",
                    "name": "DUMMY",
                    "wip": [
                         {
                              "capacityRequirementDict": {
                                   "CS1": 100,
                                   "CS2": 100
                              },
                              "name": "P1",
                              "id": "P1",
                              "assemblySpaceRequirement": 50,
                              "_class": "manpy.simulation.applications.CapacityStations.CapacityProject.CapacityProject",
                              "dueDate": 10
                         },
                         {
                              "capacityRequirementDict": {
                                   "CS2": 100
                              },
                              "name": "P2",
                              "earliestStartDict": {
                                   "CS2": 1
                              },
                              "id": "P2",
                              "assemblySpaceRequirement": 50,
                              "_class": "manpy.simulation.applications.CapacityStations.CapacityProject.CapacityProject",
                              "dueDate": 10
                         }
                    ],
                    "interruptions": {},
                    "_class": "manpy.Queue",
                    "id": "QD"
               },
               "CS1": {
                    "interruptions": {},
                    "sharedResources": {
                         "stationIds": [
                              "CS2"
                         ],
                         "priority": 1
                    },
                    "_class": "manpy.simulation.applications.CapacityStations.CapacityStation.CapacityStation",
                    "name": "PPASB",
                    "intervalCapacity": [
                         80,
                         100,
                         300,
                         100,
                         200,
                         300
                    ]
               },
               "CS2": {
                    "sharedResources": {
                         "stationIds": [
                              "CS1"
                         ],
                         "priority": 2
                    },
                    "_class": "manpy.simulation.applications.CapacityStations.CapacityStation.CapacityStation",
                    "name": "ASBTST",
                    "interruptions": {}
               }
          },
          "edge": {
               "1": {
                    "source": "CS1",
                    "destination": "CE1",
                    "data": {},
                    "_class": "manpy.Edge"
               },
               "0": {
                    "source": "CB1",
                    "destination": "CS1",
                    "data": {},
                    "_class": "manpy.Edge"
               },
               "3": {
                    "source": "CS2",
                    "destination": "CE2",
                    "data": {},
                    "_class": "manpy.Edge"
               },
               "2": {
                    "source": "CB2",
                    "destination": "CS2",
                    "data": {},
                    "_class": "manpy.Edge"
               }
          }
     },
     "_class": "manpy.Simulation",
     "general": {
          "extraPropertyDict": {
               "assemblySpace": 70
          },
          "numberOfReplications": "1",
          "trace": "No",
          "confidenceLevel": "0.95",
          "maxSimTime": "-1",
          "_class": "manpy.Configuration"
     }
}
