{
    "graph": {
        "node": {
            "CB4": {
                "interruptions": {},
                "requireFullProject": 1,
                "_class": "manpy.simulation.applications.CapacityStations.CapacityStationBuffer.CapacityStationBuffer",
                "name": "AssemblyBuffer",
                "wip": []
            },
            "CSC": {
                "interruptions": {},
                "_class": "manpy.simulation.applications.CapacityStations.CapacityStationController.CapacityStationController",
                "name": "CSC",
                "interval": "1"
            },
            "CB2": {
                "interruptions": {},
                "_class": "manpy.simulation.applications.CapacityStations.CapacityStationBuffer.CapacityStationBuffer",
                "name": "WELDBuffer"
            },
            "CB3": {
                "interruptions": {},
                "_class": "manpy.simulation.applications.CapacityStations.CapacityStationBuffer.CapacityStationBuffer",
                "name": "CNCBuffer",
                "wip": [
                    {
                        "_class": "manpy.simulation.applications.CapacityStations.CapacityEntity.CapacityEntity",
                        "requiredCapacity": 50,
                        "capacityProjectId": "P1",
                        "name": "P1_CNC_50"
                    },
                    {
                        "_class": "manpy.simulation.applications.CapacityStations.CapacityEntity.CapacityEntity",
                        "requiredCapacity": 100,
                        "capacityProjectId": "P2",
                        "name": "P2_CNC_100"
                    }
                ]
            },
            "CB1": {
                "interruptions": {},
                "_class": "manpy.simulation.applications.CapacityStations.CapacityStationBuffer.CapacityStationBuffer",
                "name": "SMFBuffer",
                "wip": [
                    {
                        "_class": "manpy.simulation.applications.CapacityStations.CapacityEntity.CapacityEntity",
                        "requiredCapacity": 100,
                        "capacityProjectId": "P1",
                        "name": "P1_SMF_100"
                    },
                    {
                        "_class": "manpy.simulation.applications.CapacityStations.CapacityEntity.CapacityEntity",
                        "requiredCapacity": 50,
                        "capacityProjectId": "P2",
                        "name": "P2_SMF_50"
                    }
                ]
            },
            "CE3": {
                "interruptions": {},
                "_class": "manpy.simulation.applications.CapacityStations.CapacityStationExit.CapacityStationExit",
                "name": "CNCExit",
                "nextCapacityStationBufferId": "CB4"
            },
            "CE2": {
                "interruptions": {},
                "_class": "manpy.simulation.applications.CapacityStations.CapacityStationExit.CapacityStationExit",
                "name": "WELDExit",
                "nextCapacityStationBufferId": "CB4"
            },
            "CE1": {
                "interruptions": {},
                "_class": "manpy.simulation.applications.CapacityStations.CapacityStationExit.CapacityStationExit",
                "name": "SMFExit",
                "nextCapacityStationBufferId": "CB2"
            },
            "CS4": {
                "interruptions": {},
                "_class": "manpy.simulation.applications.CapacityStations.CapacityStation.CapacityStation",
                "name": "Assembly",
                "intervalCapacity": [
                    50,
                    100,
                    150,
                    80,
                    300,
                    350
                ]
            },
            "CS1": {
                "interruptions": {},
                "_class": "manpy.simulation.applications.CapacityStations.CapacityStation.CapacityStation",
                "name": "SMF",
                "intervalCapacity": [
                    100,
                    200,
                    300,
                    100,
                    200,
                    300
                ]
            },
            "CE4": {
                "interruptions": {},
                "_class": "manpy.simulation.applications.CapacityStations.CapacityStationExit.CapacityStationExit",
                "name": "AssemblyExit"
            },
            "CS3": {
                "interruptions": {},
                "_class": "manpy.simulation.applications.CapacityStations.CapacityStation.CapacityStation",
                "name": "CNC",
                "intervalCapacity": [
                    50,
                    100,
                    150,
                    100,
                    100,
                    150
                ]
            },
            "CS2": {
                "interruptions": {},
                "_class": "manpy.simulation.applications.CapacityStations.CapacityStation.CapacityStation",
                "name": "WELD",
                "intervalCapacity": [
                    150,
                    60,
                    350,
                    150,
                    60,
                    350
                ]
            }
        },
        "edge": {
            "0": {
                "source": "CB1",
                "destination": "CS1",
                "data": {},
                "_class": "manpy.Edge"
            },
            "1": {
                "source": "CS1",
                "destination": "CE1",
                "data": {},
                "_class": "manpy.Edge"
            },
            "2": {
                "source": "CB2",
                "destination": "CS2",
                "data": {},
                "_class": "manpy.Edge"
            },
            "3": {
                "source": "CS2",
                "destination": "CE2",
                "data": {},
                "_class": "manpy.Edge"
            },
            "4": {
                "source": "CB3",
                "destination": "CS3",
                "data": {},
                "_class": "manpy.Edge"
            },
            "5": {
                "source": "CS3",
                "destination": "CE3",
                "data": {},
                "_class": "manpy.Edge"
            },
            "6": {
                "source": "CB4",
                "destination": "CS4",
                "data": {},
                "_class": "manpy.Edge"
            },
            "7": {
                "source": "CS4",
                "destination": "CE4",
                "data": {},
                "_class": "manpy.Edge"
            }
        }
    },
    "input": {
        "BOM": {
            "productionOrders": [
                {
                    "capacityRequirementDict": {
                        "CS4": 50,
                        "CS1": 100,
                        "CS3": 50,
                        "CS2": 50
                    },
                    "_class": "manpy.simulation.applications.CapacityStations.CapacityProject.CapacityProject",
                    "id": "P1",
                    "name": "P1"
                },
                {
                    "capacityRequirementDict": {
                        "CS4": 50,
                        "CS1": 50,
                        "CS3": 100,
                        "CS2": 100
                    },
                    "_class": "manpy.simulation.applications.CapacityStations.CapacityProject.CapacityProject",
                    "id": "P2",
                    "name": "P2"
                }
            ]
        }
    },
    "_class": "manpy.Simulation",
    "general": {
        "trace": "No",
        "_class": "manpy.Configuration",
        "confidenceLevel": "0.95",
        "maxSimTime": "-1",
        "numberOfReplications": "1"
    }
}
