{
     "graph": {
          "node": {
               "E1": {
                    "interruptions": {},
                    "top": 0.10215053763440862,
                    "_class": "manpy.Exit",
                    "name": "Stock",
                    "left": 0.5
               },
               "S1": {
                    "name": "Raw Material",
                    "top": 0.8978494623655914,
                    "entity": "manpy.Part",
                    "interArrivalTime": {
                         "Fixed": {
                              "distributionType": "Fixed",
                              "mean": 1
                         }
                    },
                    "interruptions": {},
                    "_class": "manpy.Source",
                    "left": 0.5
               },
               "M1": {
                    "name": "Moulding",
                    "top": 0.5,
                    "processingTime": {
                         "Fixed": {
                              "mean": 0.5
                         }
                    },
                    "interruptions": {
                         "failure": {
                              "TTR": {
                                   "Fixed": {
                                        "mean": 4
                                   }
                              },
                              "deteriorationType": "working",
                              "TTF": {
                                   "Fixed": {
                                        "mean": 7
                                   }
                              }
                         }
                    },
                    "_class": "manpy.Machine",
                    "left": 0.5
               }
          },
          "edge": {
               "1": {
                    "source": "M1",
                    "destination": "E1",
                    "data": {},
                    "_class": "manpy.Edge"
               },
               "0": {
                    "source": "S1",
                    "destination": "M1",
                    "data": {},
                    "_class": "manpy.Edge"
               }
          }
     },
     "_class": "manpy.Simulation",
     "general": {
          "console": "No",
          "numberOfReplications": "1",
          "trace": "No",
          "confidenceLevel": "0.95",
          "maxSimTime": "20",
          "_class": "manpy.Configuration"
     }
}
