{
     "graph": {
          "node": {
               "E1": {
                    "interruptions": {},
                    "top": 0.05688622754491013,
                    "_class": "manpy.Exit",
                    "left": 0.7083333333333333
               },
               "S1": {
                    "name": "Source",
                    "top": 0.9431137724550899,
                    "entity": "manpy.Part",
                    "interArrivalTime": {
                         "Fixed": {
                              "distributionType": "Fixed",
                              "mean": 6
                         }
                    },
                    "interruptions": {},
                    "_class": "manpy.Source",
                    "left": 0.30208333333333337
               },
               "M1": {
                    "name": "Machine1",
                    "top": 0.5,
                    "processingTime": {
                         "Fixed": {
                              "mean": 3.0
                         }
                    },
                    "operationType": "MT-Load-Processing",
                    "interruptions": {},
                    "_class": "manpy.Machine",
                    "left": 0.5625
               },
               "O1": {
                    "capacity": 1,
                    "name": "Operator1",
                    "top": 0.721556886227545,
                    "interruptions": {
                         "break": {
                              "TTR": {
                                   "Fixed": {
                                        "mean": 5
                                   }
                              },
                              "TTB": {
                                   "Fixed": {
                                        "mean": 98
                                   }
                              }
                         }
                    },
                    "_class": "manpy.Operator",
                    "left": 0.8489583333333334
               }
          },
          "edge": {
               "0": {
                    "source": "O1",
                    "destination": "M1",
                    "data": {},
                    "_class": "manpy.Edge"
               },
               "3": {
                    "source": "M1",
                    "destination": "E1",
                    "data": {},
                    "_class": "manpy.Edge"
               },
               "2": {
                    "source": "S1",
                    "destination": "M1",
                    "data": {},
                    "_class": "manpy.Edge"
               }
          }
     },
     "_class": "manpy.Simulation",
     "general": {
          "console": "No",
          "numberOfReplications": "1",
          "trace": "No",
          "confidenceLevel": "0.95",
          "maxSimTime": "100",
          "_class": "manpy.Configuration"
     }
}
