{
     "graph": {
          "node": {
               "Q1": {
                    "capacity": 1,
                    "name": "Q1",
                    "top": 0.40909090909090906,
                    "wip": [
                         {
                              "_class": "manpy.Part",
                              "id": "P1",
                              "name": "Part1"
                         }
                    ],
                    "interruptions": {},
                    "_class": "manpy.Queue",
                    "left": 0.4414893617021277
               },
               "Q2": {
                    "capacity": 1,
                    "name": "Q2",
                    "top": 0.40909090909090906,
                    "wip": [
                         {
                              "_class": "manpy.Part",
                              "id": "P3",
                              "name": "Part3"
                         }
                    ],
                    "interruptions": {},
                    "_class": "manpy.Queue",
                    "left": 0.4414893617021277
               },
               "M1": {
                    "name": "Machine1",
                    "loadTime": {
                         "Fixed": {
                              "mean": 0.0
                         }
                    },
                    "processingTime": {
                         "Fixed": {
                              "mean": 7.0
                         }
                    },
                    "operationType": "MT-Load-Processing",
                    "wip": [
                         {
                              "_class": "manpy.Part",
                              "id": "P2",
                              "name": "Part2"
                         }
                    ],
                    "interruptions": {},
                    "_class": "manpy.Machine"
               },
               "M2": {
                    "name": "Machine2",
                    "loadTime": {
                         "Fixed": {
                              "mean": 0.0
                         }
                    },
                    "processingTime": {
                         "Fixed": {
                              "mean": 11.0
                         }
                    },
                    "operationType": "MT-Load-Processing",
                    "wip": [
                         {
                              "_class": "manpy.Part",
                              "id": "P4",
                              "name": "Part4"
                         }
                    ],
                    "interruptions": {},
                    "failures": {},
                    "_class": "manpy.Machine"
               },
               "EV": {
                    "name": "Allocator",
                    "argumentDict": "{}",
                    "interval": 10,
                    "stop": -1,
                    "id": "EV",
                    "start": 0,
                    "interruptions": {},
                    "element_id": "manpyNode_6",
                    "_class": "manpy.EventGenerator",
                    "method": "manpy.ManPyObject.requestAllocation"
               },
               "E1": {
                    "interruptions": {},
                    "_class": "manpy.Exit",
                    "name": "Exit"
               },
               "O2": {
                    "skills": [
                         "M2"
                    ],
                    "interruptions": {},
                    "_class": "manpy.Operator",
                    "capacity": 1,
                    "name": "Operator2"
               },
               "O1": {
                    "skills": [
                         "M1",
                         "M2"
                    ],
                    "interruptions": {},
                    "_class": "manpy.Operator",
                    "capacity": 1,
                    "name": "Operator1"
               }
          },
          "edge": {
               "1": {
                    "source": "Q1",
                    "destination": "M1",
                    "data": {},
                    "_class": "manpy.Edge"
               },
               "3": {
                    "source": "Q2",
                    "destination": "M2",
                    "data": {},
                    "_class": "manpy.Edge"
               },
               "2": {
                    "source": "M1",
                    "destination": "Q2",
                    "data": {},
                    "_class": "manpy.Edge"
               },
               "4": {
                    "source": "M2",
                    "destination": "E1",
                    "data": {},
                    "_class": "manpy.Edge"
               }
          }
     },
     "_class": "manpy.Simulation",
     "general": {
          "console": "No",
          "numberOfReplications": "1",
          "trace": "No",
          "confidenceLevel": "0.95",
          "maxSimTime": "100",
          "_class": "manpy.Configuration"
     }
}
