{
     "graph": {
          "node": {
               "M1A": {
                    "name": "M1A",
                    "processingTime": {
                         "Fixed": {
                              "mean": "0.1"
                         }
                    },
                    "interruptions": {
                         "shift": {
                              "endUnfinished": 0,
                              "shiftPattern": [
                                   [
                                        360,
                                        780
                                   ],
                                   [
                                        1800,
                                        2220
                                   ]
                              ]
                         }
                    },
                    "failures": {},
                    "element_id": "manpyNode_6",
                    "_class": "manpy.BatchScrapMachine"
               },
               "Q2A": {
                    "capacity": "2",
                    "name": "Q2A",
                    "isDummy": "0",
                    "interruptions": {},
                    "element_id": "manpyNode_17",
                    "_class": "manpy.LineClearance",
                    "schedulingRule": "FIFO"
               },
               "Q2B": {
                    "capacity": "2",
                    "name": "Q2B",
                    "isDummy": "0",
                    "interruptions": {},
                    "element_id": "manpyNode_18",
                    "_class": "manpy.LineClearance",
                    "schedulingRule": "FIFO"
               },
               "M1B": {
                    "name": "M1B",
                    "processingTime": {
                         "Fixed": {
                              "mean": "0.1"
                         }
                    },
                    "interruptions": {
                         "shift": {
                              "endUnfinished": 0,
                              "shiftPattern": [
                                   [
                                        360,
                                        1260
                                   ],
                                   [
                                        1800,
                                        2700
                                   ]
                              ]
                         }
                    },
                    "failures": {},
                    "element_id": "manpyNode_7",
                    "_class": "manpy.BatchScrapMachine"
               },
               "S1": {
                    "name": "Source",
                    "entity": "manpy.Batch",
                    "interArrivalTime": {
                         "Fixed": {
                              "distributionType": "Fixed",
                              "mean": "0.5"
                         }
                    },
                    "batchNumberOfUnits": 100,
                    "interruptions": {},
                    "element_id": "manpyNode_25",
                    "_class": "manpy.BatchSource"
               },
               "QPa": {
                    "capacity": "3",
                    "name": "QPa",
                    "isDummy": "0",
                    "interruptions": {},
                    "element_id": "manpyNode_22",
                    "_class": "manpy.Queue",
                    "schedulingRule": "FIFO"
               },
               "QPr": {
                    "capacity": "3",
                    "name": "QPr",
                    "isDummy": "0",
                    "interruptions": {},
                    "element_id": "manpyNode_23",
                    "_class": "manpy.Queue",
                    "schedulingRule": "FIFO"
               },
               "PrA": {
                    "name": "PrA",
                    "processingTime": {
                         "Fixed": {
                              "mean": "0.1"
                         }
                    },
                    "interruptions": {
                         "shift": {
                              "endUnfinished": 0,
                              "shiftPattern": [
                                   [
                                        360,
                                        780
                                   ],
                                   [
                                        1800,
                                        2220
                                   ]
                              ]
                         }
                    },
                    "failures": {},
                    "element_id": "manpyNode_15",
                    "_class": "manpy.BatchScrapMachine"
               },
               "QStart": {
                    "capacity": "1",
                    "name": "StartQueue",
                    "isDummy": "0",
                    "interruptions": {},
                    "element_id": "manpyNode_24",
                    "_class": "manpy.Queue",
                    "schedulingRule": "FIFO"
               },
               "PrB": {
                    "name": "PrA",
                    "processingTime": {
                         "Fixed": {
                              "mean": "0.1"
                         }
                    },
                    "interruptions": {
                         "shift": {
                              "endUnfinished": 0,
                              "shiftPattern": [
                                   [
                                        360,
                                        1260
                                   ],
                                   [
                                        1800,
                                        2700
                                   ]
                              ]
                         }
                    },
                    "failures": {},
                    "element_id": "manpyNode_16",
                    "_class": "manpy.BatchScrapMachine"
               },
               "PaA": {
                    "name": "PaA",
                    "processingTime": {
                         "Fixed": {
                              "mean": "0.1"
                         }
                    },
                    "interruptions": {
                         "shift": {
                              "endUnfinished": 0,
                              "shiftPattern": [
                                   [
                                        360,
                                        780
                                   ],
                                   [
                                        1800,
                                        2220
                                   ]
                              ]
                         }
                    },
                    "failures": {},
                    "element_id": "manpyNode_13",
                    "_class": "manpy.BatchScrapMachine"
               },
               "PaB": {
                    "name": "PaB",
                    "processingTime": {
                         "Fixed": {
                              "mean": "0.1"
                         }
                    },
                    "interruptions": {
                         "shift": {
                              "endUnfinished": 0,
                              "shiftPattern": [
                                   [
                                        360,
                                        1260
                                   ],
                                   [
                                        1800,
                                        2700
                                   ]
                              ]
                         }
                    },
                    "failures": {},
                    "element_id": "manpyNode_14",
                    "_class": "manpy.BatchScrapMachine"
               },
               "E1": {
                    "interruptions": {},
                    "element_id": "manpyNode_5",
                    "_class": "manpy.Exit",
                    "name": "Stock"
               },
               "M2A": {
                    "name": "M2A",
                    "processingTime": {
                         "Fixed": {
                              "mean": "0.1"
                         }
                    },
                    "interruptions": {
                         "shift": {
                              "endUnfinished": 0,
                              "shiftPattern": [
                                   [
                                        360,
                                        780
                                   ],
                                   [
                                        1800,
                                        2220
                                   ]
                              ]
                         }
                    },
                    "failures": {},
                    "element_id": "manpyNode_8",
                    "_class": "manpy.BatchScrapMachine"
               },
               "M2B": {
                    "name": "M2B",
                    "processingTime": {
                         "Fixed": {
                              "mean": "0.1"
                         }
                    },
                    "interruptions": {
                         "shift": {
                              "endUnfinished": 0,
                              "shiftPattern": [
                                   [
                                        360,
                                        1260
                                   ],
                                   [
                                        1800,
                                        2700
                                   ]
                              ]
                         }
                    },
                    "failures": {},
                    "element_id": "manpyNode_9",
                    "_class": "manpy.BatchScrapMachine"
               },
               "Q3B": {
                    "capacity": "2",
                    "name": "Q3B",
                    "isDummy": "0",
                    "interruptions": {},
                    "element_id": "manpyNode_20",
                    "_class": "manpy.LineClearance",
                    "schedulingRule": "FIFO"
               },
               "Q3A": {
                    "capacity": "2",
                    "name": "Q3A",
                    "isDummy": "0",
                    "interruptions": {},
                    "element_id": "manpyNode_19",
                    "_class": "manpy.LineClearance",
                    "schedulingRule": "FIFO"
               },
               "BDA": {
                    "name": "Deco_A",
                    "processingTime": {
                         "Fixed": {
                              "mean": "0"
                         }
                    },
                    "numberOfSubBatches": 4,
                    "interruptions": {},
                    "element_id": "manpyNode_1",
                    "_class": "manpy.BatchDecompositionStartTime"
               },
               "BDB": {
                    "name": "Deco_B",
                    "processingTime": {
                         "Fixed": {
                              "mean": "0"
                         }
                    },
                    "numberOfSubBatches": 4,
                    "interruptions": {},
                    "element_id": "manpyNode_2",
                    "_class": "manpy.BatchDecompositionStartTime"
               },
               "EV": {
                    "name": "attainment",
                    "argumentDict": {},
                    "interval": "1440",
                    "start": "1440",
                    "interruptions": {},
                    "_class": "manpy.EventGenerator",
                    "method": "manpy.Globals.countIntervalThroughput"
               },
               "MM": {
                    "name": "MM",
                    "processingTime": {
                         "Fixed": {
                              "mean": "0.1"
                         }
                    },
                    "interruptions": {
                         "shift": {
                              "endUnfinished": 0,
                              "shiftPattern": [
                                   [
                                        360,
                                        1260
                                   ],
                                   [
                                        1800,
                                        2700
                                   ]
                              ]
                         }
                    },
                    "failures": {},
                    "element_id": "manpyNode_12",
                    "_class": "manpy.BatchScrapMachine"
               },
               "BRB": {
                    "name": "Assembly_B",
                    "processingTime": {
                         "Fixed": {
                              "mean": "0"
                         }
                    },
                    "numberOfSubBatches": 4,
                    "interruptions": {},
                    "element_id": "manpyNode_4",
                    "_class": "manpy.BatchReassembly"
               },
               "BRA": {
                    "name": "Assembly_A",
                    "processingTime": {
                         "Fixed": {
                              "mean": "0"
                         }
                    },
                    "numberOfSubBatches": 4,
                    "interruptions": {},
                    "element_id": "manpyNode_3",
                    "_class": "manpy.BatchReassembly"
               },
               "QM": {
                    "capacity": "3",
                    "name": "QM",
                    "isDummy": "0",
                    "interruptions": {},
                    "element_id": "manpyNode_21",
                    "_class": "manpy.Queue",
                    "schedulingRule": "FIFO"
               },
               "M3B": {
                    "name": "M3B",
                    "processingTime": {
                         "Fixed": {
                              "mean": "0.1"
                         }
                    },
                    "interruptions": {
                         "shift": {
                              "endUnfinished": 0,
                              "shiftPattern": [
                                   [
                                        360,
                                        1260
                                   ],
                                   [
                                        1800,
                                        2700
                                   ]
                              ]
                         }
                    },
                    "failures": {},
                    "element_id": "manpyNode_11",
                    "_class": "manpy.BatchScrapMachine"
               },
               "M3A": {
                    "name": "M3A",
                    "processingTime": {
                         "Fixed": {
                              "mean": "0.1"
                         }
                    },
                    "interruptions": {
                         "shift": {
                              "endUnfinished": 0,
                              "shiftPattern": [
                                   [
                                        360,
                                        780
                                   ],
                                   [
                                        1800,
                                        2220
                                   ]
                              ]
                         }
                    },
                    "failures": {},
                    "element_id": "manpyNode_10",
                    "_class": "manpy.BatchScrapMachine"
               }
          },
          "edge": {
               "con_165": {
                    "source": "Q2A",
                    "destination": "M2A",
                    "data": {},
                    "_class": "manpy.Edge"
               },
               "con_160": {
                    "source": "M1A",
                    "destination": "Q2A",
                    "data": {},
                    "_class": "manpy.Edge"
               },
               "con_205": {
                    "source": "M2B",
                    "destination": "Q3B",
                    "data": {},
                    "_class": "manpy.Edge"
               },
               "con_185": {
                    "source": "BRA",
                    "destination": "QM",
                    "data": {},
                    "_class": "manpy.Edge"
               },
               "con_200": {
                    "source": "Q2B",
                    "destination": "M2B",
                    "data": {},
                    "_class": "manpy.Edge"
               },
               "con_180": {
                    "source": "M3A",
                    "destination": "BRA",
                    "data": {},
                    "_class": "manpy.Edge"
               },
               "con_140": {
                    "source": "S1",
                    "destination": "QStart",
                    "data": {},
                    "_class": "manpy.Edge"
               },
               "con_145": {
                    "source": "QStart",
                    "destination": "BDA",
                    "data": {},
                    "_class": "manpy.Edge"
               },
               "con_250": {
                    "source": "PrB",
                    "destination": "QPa",
                    "data": {},
                    "_class": "manpy.Edge"
               },
               "con_255": {
                    "source": "QPa",
                    "destination": "PaA",
                    "data": {},
                    "_class": "manpy.Edge"
               },
               "con_195": {
                    "source": "M1B",
                    "destination": "Q2B",
                    "data": {},
                    "_class": "manpy.Edge"
               },
               "con_270": {
                    "source": "PaB",
                    "destination": "E1",
                    "data": {},
                    "_class": "manpy.Edge"
               },
               "con_170": {
                    "source": "M2A",
                    "destination": "Q3A",
                    "data": {},
                    "_class": "manpy.Edge"
               },
               "con_175": {
                    "source": "Q3A",
                    "destination": "M3A",
                    "data": {},
                    "_class": "manpy.Edge"
               },
               "con_230": {
                    "source": "MM",
                    "destination": "QPr",
                    "data": {},
                    "_class": "manpy.Edge"
               },
               "con_215": {
                    "source": "M3B",
                    "destination": "BRB",
                    "data": {},
                    "_class": "manpy.Edge"
               },
               "con_235": {
                    "source": "QPr",
                    "destination": "PrA",
                    "data": {},
                    "_class": "manpy.Edge"
               },
               "con_210": {
                    "source": "Q3B",
                    "destination": "M3B",
                    "data": {},
                    "_class": "manpy.Edge"
               },
               "con_150": {
                    "source": "QStart",
                    "destination": "BDB",
                    "data": {},
                    "_class": "manpy.Edge"
               },
               "con_155": {
                    "source": "BDA",
                    "destination": "M1A",
                    "data": {},
                    "_class": "manpy.Edge"
               },
               "con_240": {
                    "source": "QPr",
                    "destination": "PrB",
                    "data": {},
                    "_class": "manpy.Edge"
               },
               "con_225": {
                    "source": "QM",
                    "destination": "MM",
                    "data": {},
                    "_class": "manpy.Edge"
               },
               "con_245": {
                    "source": "PrA",
                    "destination": "QPa",
                    "data": {},
                    "_class": "manpy.Edge"
               },
               "con_220": {
                    "source": "BRB",
                    "destination": "QM",
                    "data": {},
                    "_class": "manpy.Edge"
               },
               "con_260": {
                    "source": "QPa",
                    "destination": "PaB",
                    "data": {},
                    "_class": "manpy.Edge"
               },
               "con_190": {
                    "source": "BDB",
                    "destination": "M1B",
                    "data": {},
                    "_class": "manpy.Edge"
               },
               "con_265": {
                    "source": "PaA",
                    "destination": "E1",
                    "data": {},
                    "_class": "manpy.Edge"
               }
          }
     },
     "general": {
          "trace": "No",
          "processTimeout": "0.5",
          "numberOfReplications": "1",
          "maxSimTime": "2880",
          "confidenceLevel": "0.95"
     },
     "spreadsheet": [
          [
               "Jobs",
               "ID",
               "Order Date",
               "Due Date",
               "Priority",
               "Material",
               "Sequence",
               "Processing Times"
          ],
          [
               null,
               null,
               null,
               null,
               null,
               null,
               null,
               null
          ]
     ],
     "preference": {
          "zoom_level": 0.81,
          "coordinates": {
               "M1A": {
                    "top": 0.005531885468929714,
                    "left": 0.26697225662841195
               },
               "Q2A": {
                    "top": 0.014751694583812569,
                    "left": 0.35871530014333014
               },
               "Q2B": {
                    "top": 0.18070825865170398,
                    "left": 0.3651373131893744
               },
               "M1B": {
                    "top": 0.18992806776658683,
                    "left": 0.2550456609714726
               },
               "S1": {
                    "top": 0.09077525071036834,
                    "left": 0.0037421998521831056
               },
               "QPa": {
                    "top": 0.6509185235107297,
                    "left": 0.781650730747103
               },
               "QPr": {
                    "top": 0.503401577672604,
                    "left": 0.7908250350985949
               },
               "PrA": {
                    "top": 0.6048194779363153,
                    "left": 0.8788983568729164
               },
               "QStart": {
                    "top": 0.09772997661775827,
                    "left": 0.0972476261258133
               },
               "PrB": {
                    "top": 0.5863798597065496,
                    "left": 0.6844031046212897
               },
               "PaA": {
                    "top": 0.7707760420042068,
                    "left": 0.8926598134001541
               },
               "PaB": {
                    "top": 0.7707760420042068,
                    "left": 0.670641648094052
               },
               "E1": {
                    "top": 0.8537543240381524,
                    "left": 0.781650730747103
               },
               "M2A": {
                    "top": 0.005531885468929714,
                    "left": 0.4596326480097402
               },
               "M2B": {
                    "top": 0.18992806776658683,
                    "left": 0.4568803567042926
               },
               "Q3B": {
                    "top": 0.19914787688146968,
                    "left": 0.5577977045707027
               },
               "Q3A": {
                    "top": 0.014751694583812569,
                    "left": 0.569724300227642
               },
               "BDA": {
                    "top": 0.014751694583812569,
                    "left": 0.17522921311349376
               },
               "BDB": {
                    "top": 0.18992806776658683,
                    "left": 0.17064206093774784
               },
               "MM": {
                    "top": 0.34666482271959537,
                    "left": 0.882568078613513
               },
               "BRB": {
                    "top": 0.2175874951112354,
                    "left": 0.7486232350817325
               },
               "BRA": {
                    "top": 0.014751694583812569,
                    "left": 0.7623846916089703
               },
               "QM": {
                    "top": 0.1530488313070554,
                    "left": 0.8642194699105294
               },
               "M3B": {
                    "top": 0.20836768599635255,
                    "left": 0.6495407480856209
               },
               "M3A": {
                    "top": 0.023971503698695426,
                    "left": 0.6614673437425602
               }
          }
     }
}
