{
     "graph": {
          "node": {
               "MA1": {
                    "interruptions": {},
                    "_class": "manpy.MouldAssemblyManaged",
                    "id": "MA1",
                    "operationType": "MT-Load-Setup-Processing",
                    "name": "Assembly 1"
               },
               "Q0": {
                    "capacity": "-1",
                    "name": "StartQueue",
                    "isDummy": "0",
                    "wip": [
                         {
                              "componentsList": [
                                   {
                                        "componentType": "Basic",
                                        "route": [
                                             {
                                                  "stationIdsList": [
                                                       "OD0"
                                                  ],
                                                  "stepNumber": "0"
                                             },
                                             {
                                                  "stationIdsList": [
                                                       "QCAM"
                                                  ],
                                                  "stepNumber": "1"
                                             },
                                             {
                                                  "stationIdsList": [
                                                       "CAM1",
                                                       "CAM2"
                                                  ],
                                                  "processingTime": {
                                                       "Fixed": {
                                                            "mean": "2"
                                                       }
                                                  },
                                                  "stepNumber": "2"
                                             },
                                             {
                                                  "stationIdsList": [
                                                       "QMILL"
                                                  ],
                                                  "stepNumber": "3"
                                             },
                                             {
                                                  "stationIdsList": [
                                                       "MILL1",
                                                       "MILL2"
                                                  ],
                                                  "processingTime": {
                                                       "Fixed": {
                                                            "mean": "2"
                                                       }
                                                  },
                                                  "setupTime": {
                                                       "Fixed": {
                                                            "mean": "0.5"
                                                       }
                                                  },
                                                  "stepNumber": "4"
                                             },
                                             {
                                                  "stationIdsList": [
                                                       "QEDM"
                                                  ],
                                                  "stepNumber": "5"
                                             },
                                             {
                                                  "stationIdsList": [
                                                       "EDM"
                                                  ],
                                                  "processingTime": {
                                                       "Fixed": {
                                                            "mean": "2"
                                                       }
                                                  },
                                                  "setupTime": {
                                                       "Fixed": {
                                                            "mean": "0.5"
                                                       }
                                                  },
                                                  "stepNumber": "6"
                                             },
                                             {
                                                  "stationIdsList": [
                                                       "AB1"
                                                  ],
                                                  "stepNumber": "7"
                                             },
                                             {
                                                  "stationIdsList": [
                                                       "MA1",
                                                       "MA2",
                                                       "MA3"
                                                  ],
                                                  "stepNumber": "8"
                                             }
                                        ],
                                        "_class": "manpy.OrderComponent",
                                        "id": "C1O1",
                                        "name": "Component1 from Order1"
                                   },
                                   {
                                        "componentType": "Secondary",
                                        "route": [
                                             {
                                                  "stationIdsList": [
                                                       "OD0"
                                                  ],
                                                  "stepNumber": "0"
                                             },
                                             {
                                                  "stationIdsList": [
                                                       "QCAM"
                                                  ],
                                                  "stepNumber": "1"
                                             },
                                             {
                                                  "stationIdsList": [
                                                       "CAM1",
                                                       "CAM2"
                                                  ],
                                                  "processingTime": {
                                                       "Fixed": {
                                                            "mean": "1"
                                                       }
                                                  },
                                                  "stepNumber": "2"
                                             },
                                             {
                                                  "stationIdsList": [
                                                       "QMILL"
                                                  ],
                                                  "stepNumber": "3"
                                             },
                                             {
                                                  "stationIdsList": [
                                                       "MILL1",
                                                       "MILL2"
                                                  ],
                                                  "processingTime": {
                                                       "Fixed": {
                                                            "mean": "4"
                                                       }
                                                  },
                                                  "setupTime": {
                                                       "Fixed": {
                                                            "mean": "0.4"
                                                       }
                                                  },
                                                  "stepNumber": "4"
                                             },
                                             {
                                                  "stationIdsList": [
                                                       "QEDM"
                                                  ],
                                                  "stepNumber": "5"
                                             },
                                             {
                                                  "stationIdsList": [
                                                       "EDM"
                                                  ],
                                                  "processingTime": {
                                                       "Fixed": {
                                                            "mean": "1"
                                                       }
                                                  },
                                                  "setupTime": {
                                                       "Fixed": {
                                                            "mean": "0.6"
                                                       }
                                                  },
                                                  "stepNumber": "6"
                                             },
                                             {
                                                  "stationIdsList": [
                                                       "AB1"
                                                  ],
                                                  "stepNumber": "7"
                                             },
                                             {
                                                  "stationIdsList": [
                                                       "MA1",
                                                       "MA2",
                                                       "MA3"
                                                  ],
                                                  "stepNumber": "8"
                                             }
                                        ],
                                        "_class": "manpy.OrderComponent",
                                        "id": "C2O1",
                                        "name": "Component2 from Order1"
                                   },
                                   {
                                        "route": [
                                             {
                                                  "stationIdsList": [
                                                       "MA1",
                                                       "MA2",
                                                       "MA3"
                                                  ],
                                                  "processingTime": {
                                                       "Fixed": {
                                                            "mean": "1"
                                                       }
                                                  },
                                                  "stepNumber": "0"
                                             },
                                             {
                                                  "stationIdsList": [
                                                       "QIM"
                                                  ],
                                                  "stepNumber": "1"
                                             },
                                             {
                                                  "stationIdsList": [
                                                       "IM"
                                                  ],
                                                  "processingTime": {
                                                       "Fixed": {
                                                            "mean": "2"
                                                       }
                                                  },
                                                  "setupTime": {
                                                       "Fixed": {
                                                            "mean": "0.5"
                                                       }
                                                  },
                                                  "stepNumber": "2"
                                             },
                                             {
                                                  "stationIdsList": [
                                                       "E1"
                                                  ],
                                                  "stepNumber": "3"
                                             }
                                        ],
                                        "_class": "manpy.Mould",
                                        "id": "M1O1",
                                        "name": "Mould1 from Order1"
                                   }
                              ],
                              "name": "Order1",
                              "route": [
                                   {
                                        "stationIdsList": [
                                             "Q0"
                                        ],
                                        "stepNumber": "0"
                                   },
                                   {
                                        "stationIdsList": [
                                             "CAD1",
                                             "CAD2"
                                        ],
                                        "processingTime": {
                                             "Fixed": {
                                                  "mean": "1"
                                             }
                                        },
                                        "stepNumber": "1"
                                   }
                              ],
                              "priority": "1",
                              "manager": "OP1",
                              "_class": "manpy.Order",
                              "id": "O1"
                         },
                         {
                              "componentsList": [
                                   {
                                        "componentType": "Basic",
                                        "route": [
                                             {
                                                  "stationIdsList": [
                                                       "OD0"
                                                  ],
                                                  "stepNumber": "0"
                                             },
                                             {
                                                  "stationIdsList": [
                                                       "QCAM"
                                                  ],
                                                  "stepNumber": "1"
                                             },
                                             {
                                                  "stationIdsList": [
                                                       "CAM1",
                                                       "CAM2"
                                                  ],
                                                  "processingTime": {
                                                       "Fixed": {
                                                            "mean": "0.3"
                                                       }
                                                  },
                                                  "stepNumber": "2"
                                             },
                                             {
                                                  "stationIdsList": [
                                                       "QMILL"
                                                  ],
                                                  "stepNumber": "3"
                                             },
                                             {
                                                  "stationIdsList": [
                                                       "MILL1",
                                                       "MILL2"
                                                  ],
                                                  "processingTime": {
                                                       "Fixed": {
                                                            "mean": "3"
                                                       }
                                                  },
                                                  "setupTime": {
                                                       "Fixed": {
                                                            "mean": "1.2"
                                                       }
                                                  },
                                                  "stepNumber": "4"
                                             },
                                             {
                                                  "stationIdsList": [
                                                       "QEDM"
                                                  ],
                                                  "stepNumber": "5"
                                             },
                                             {
                                                  "stationIdsList": [
                                                       "EDM"
                                                  ],
                                                  "processingTime": {
                                                       "Fixed": {
                                                            "mean": "0.9"
                                                       }
                                                  },
                                                  "setupTime": {
                                                       "Fixed": {
                                                            "mean": "0.3"
                                                       }
                                                  },
                                                  "stepNumber": "6"
                                             },
                                             {
                                                  "stationIdsList": [
                                                       "AB1"
                                                  ],
                                                  "stepNumber": "7"
                                             },
                                             {
                                                  "stationIdsList": [
                                                       "MA1",
                                                       "MA2",
                                                       "MA3"
                                                  ],
                                                  "stepNumber": "8"
                                             }
                                        ],
                                        "_class": "manpy.OrderComponent",
                                        "id": "C1O2",
                                        "name": "Component1 from Order2"
                                   },
                                   {
                                        "componentType": "Secondary",
                                        "route": [
                                             {
                                                  "stationIdsList": [
                                                       "OD0"
                                                  ],
                                                  "stepNumber": "0"
                                             },
                                             {
                                                  "stationIdsList": [
                                                       "QCAM"
                                                  ],
                                                  "stepNumber": "1"
                                             },
                                             {
                                                  "stationIdsList": [
                                                       "CAM1",
                                                       "CAM2"
                                                  ],
                                                  "processingTime": {
                                                       "Fixed": {
                                                            "mean": "0.8"
                                                       }
                                                  },
                                                  "stepNumber": "2"
                                             },
                                             {
                                                  "stationIdsList": [
                                                       "QMILL"
                                                  ],
                                                  "stepNumber": "3"
                                             },
                                             {
                                                  "stationIdsList": [
                                                       "MILL1",
                                                       "MILL2"
                                                  ],
                                                  "processingTime": {
                                                       "Fixed": {
                                                            "mean": "0.4"
                                                       }
                                                  },
                                                  "setupTime": {
                                                       "Fixed": {
                                                            "mean": "0.1"
                                                       }
                                                  },
                                                  "stepNumber": "4"
                                             },
                                             {
                                                  "stationIdsList": [
                                                       "QEDM"
                                                  ],
                                                  "stepNumber": "5"
                                             },
                                             {
                                                  "stationIdsList": [
                                                       "EDM"
                                                  ],
                                                  "processingTime": {
                                                       "Fixed": {
                                                            "mean": "1.4"
                                                       }
                                                  },
                                                  "setupTime": {
                                                       "Fixed": {
                                                            "mean": "0.3"
                                                       }
                                                  },
                                                  "stepNumber": "6"
                                             },
                                             {
                                                  "stationIdsList": [
                                                       "AB1"
                                                  ],
                                                  "stepNumber": "7"
                                             },
                                             {
                                                  "stationIdsList": [
                                                       "MA1",
                                                       "MA2",
                                                       "MA3"
                                                  ],
                                                  "stepNumber": "8"
                                             }
                                        ],
                                        "_class": "manpy.OrderComponent",
                                        "id": "C2O2",
                                        "name": "Component2 from Order2"
                                   },
                                   {
                                        "route": [
                                             {
                                                  "stationIdsList": [
                                                       "MA1",
                                                       "MA2",
                                                       "MA3"
                                                  ],
                                                  "processingTime": {
                                                       "Fixed": {
                                                            "mean": "2"
                                                       }
                                                  },
                                                  "stepNumber": "0"
                                             },
                                             {
                                                  "stationIdsList": [
                                                       "QIM"
                                                  ],
                                                  "stepNumber": "1"
                                             },
                                             {
                                                  "stationIdsList": [
                                                       "IM"
                                                  ],
                                                  "processingTime": {
                                                       "Fixed": {
                                                            "mean": "0.7"
                                                       }
                                                  },
                                                  "setupTime": {
                                                       "Fixed": {
                                                            "mean": "0.1"
                                                       }
                                                  },
                                                  "stepNumber": "2"
                                             },
                                             {
                                                  "stationIdsList": [
                                                       "E1"
                                                  ],
                                                  "stepNumber": "3"
                                             }
                                        ],
                                        "_class": "manpy.Mould",
                                        "id": "M1O2",
                                        "name": "Mould1 from Order2"
                                   }
                              ],
                              "name": "Order2",
                              "route": [
                                   {
                                        "stationIdsList": [
                                             "Q0"
                                        ],
                                        "stepNumber": "0"
                                   },
                                   {
                                        "stationIdsList": [
                                             "CAD1",
                                             "CAD2"
                                        ],
                                        "processingTime": {
                                             "Fixed": {
                                                  "mean": "1.4"
                                             }
                                        },
                                        "stepNumber": "1"
                                   }
                              ],
                              "priority": "2",
                              "manager": "OP1",
                              "_class": "manpy.Order",
                              "id": "O2"
                         },
                         {
                              "componentsList": [
                                   {
                                        "componentType": "Basic",
                                        "route": [
                                             {
                                                  "stationIdsList": [
                                                       "OD0"
                                                  ],
                                                  "stepNumber": "0"
                                             },
                                             {
                                                  "stationIdsList": [
                                                       "QCAM"
                                                  ],
                                                  "stepNumber": "1"
                                             },
                                             {
                                                  "stationIdsList": [
                                                       "CAM1",
                                                       "CAM2"
                                                  ],
                                                  "processingTime": {
                                                       "Fixed": {
                                                            "mean": "0.8"
                                                       }
                                                  },
                                                  "stepNumber": "2"
                                             },
                                             {
                                                  "stationIdsList": [
                                                       "QMILL"
                                                  ],
                                                  "stepNumber": "3"
                                             },
                                             {
                                                  "stationIdsList": [
                                                       "MILL1",
                                                       "MILL2"
                                                  ],
                                                  "processingTime": {
                                                       "Fixed": {
                                                            "mean": "2"
                                                       }
                                                  },
                                                  "setupTime": {
                                                       "Fixed": {
                                                            "mean": "2.2"
                                                       }
                                                  },
                                                  "stepNumber": "4"
                                             },
                                             {
                                                  "stationIdsList": [
                                                       "QEDM"
                                                  ],
                                                  "stepNumber": "5"
                                             },
                                             {
                                                  "stationIdsList": [
                                                       "EDM"
                                                  ],
                                                  "processingTime": {
                                                       "Fixed": {
                                                            "mean": "0.9"
                                                       }
                                                  },
                                                  "setupTime": {
                                                       "Fixed": {
                                                            "mean": "0.3"
                                                       }
                                                  },
                                                  "stepNumber": "6"
                                             },
                                             {
                                                  "stationIdsList": [
                                                       "AB1"
                                                  ],
                                                  "stepNumber": "7"
                                             },
                                             {
                                                  "stationIdsList": [
                                                       "MA1",
                                                       "MA2",
                                                       "MA3"
                                                  ],
                                                  "stepNumber": "8"
                                             }
                                        ],
                                        "_class": "manpy.OrderComponent",
                                        "id": "C1O3",
                                        "name": "Component1 from Order3"
                                   },
                                   {
                                        "componentType": "Secondary",
                                        "route": [
                                             {
                                                  "stationIdsList": [
                                                       "OD0"
                                                  ],
                                                  "stepNumber": "0"
                                             },
                                             {
                                                  "stationIdsList": [
                                                       "QCAM"
                                                  ],
                                                  "stepNumber": "1"
                                             },
                                             {
                                                  "stationIdsList": [
                                                       "CAM1",
                                                       "CAM2"
                                                  ],
                                                  "processingTime": {
                                                       "Fixed": {
                                                            "mean": "0.2"
                                                       }
                                                  },
                                                  "stepNumber": "2"
                                             },
                                             {
                                                  "stationIdsList": [
                                                       "QMILL"
                                                  ],
                                                  "stepNumber": "3"
                                             },
                                             {
                                                  "stationIdsList": [
                                                       "MILL1",
                                                       "MILL2"
                                                  ],
                                                  "processingTime": {
                                                       "Fixed": {
                                                            "mean": "0.8"
                                                       }
                                                  },
                                                  "setupTime": {
                                                       "Fixed": {
                                                            "mean": "0.3"
                                                       }
                                                  },
                                                  "stepNumber": "4"
                                             },
                                             {
                                                  "stationIdsList": [
                                                       "QEDM"
                                                  ],
                                                  "stepNumber": "5"
                                             },
                                             {
                                                  "stationIdsList": [
                                                       "EDM"
                                                  ],
                                                  "processingTime": {
                                                       "Fixed": {
                                                            "mean": "0.4"
                                                       }
                                                  },
                                                  "setupTime": {
                                                       "Fixed": {
                                                            "mean": "1.3"
                                                       }
                                                  },
                                                  "stepNumber": "6"
                                             },
                                             {
                                                  "stationIdsList": [
                                                       "AB1"
                                                  ],
                                                  "stepNumber": "7"
                                             },
                                             {
                                                  "stationIdsList": [
                                                       "MA1",
                                                       "MA2",
                                                       "MA3"
                                                  ],
                                                  "stepNumber": "8"
                                             }
                                        ],
                                        "_class": "manpy.OrderComponent",
                                        "id": "C2O3",
                                        "name": "Component2 from Order3"
                                   },
                                   {
                                        "componentType": "Secondary",
                                        "route": [
                                             {
                                                  "stationIdsList": [
                                                       "OD0"
                                                  ],
                                                  "stepNumber": "0"
                                             },
                                             {
                                                  "stationIdsList": [
                                                       "QCAM"
                                                  ],
                                                  "stepNumber": "1"
                                             },
                                             {
                                                  "stationIdsList": [
                                                       "CAM1",
                                                       "CAM2"
                                                  ],
                                                  "processingTime": {
                                                       "Fixed": {
                                                            "mean": "0.4"
                                                       }
                                                  },
                                                  "stepNumber": "2"
                                             },
                                             {
                                                  "stationIdsList": [
                                                       "QMILL"
                                                  ],
                                                  "stepNumber": "3"
                                             },
                                             {
                                                  "stationIdsList": [
                                                       "MILL1",
                                                       "MILL2"
                                                  ],
                                                  "processingTime": {
                                                       "Fixed": {
                                                            "mean": "0.2"
                                                       }
                                                  },
                                                  "setupTime": {
                                                       "Fixed": {
                                                            "mean": "0.1"
                                                       }
                                                  },
                                                  "stepNumber": "4"
                                             },
                                             {
                                                  "stationIdsList": [
                                                       "QEDM"
                                                  ],
                                                  "stepNumber": "5"
                                             },
                                             {
                                                  "stationIdsList": [
                                                       "EDM"
                                                  ],
                                                  "processingTime": {
                                                       "Fixed": {
                                                            "mean": "0.1"
                                                       }
                                                  },
                                                  "setupTime": {
                                                       "Fixed": {
                                                            "mean": "0.3"
                                                       }
                                                  },
                                                  "stepNumber": "6"
                                             },
                                             {
                                                  "stationIdsList": [
                                                       "AB1"
                                                  ],
                                                  "stepNumber": "7"
                                             },
                                             {
                                                  "stationIdsList": [
                                                       "MA1",
                                                       "MA2",
                                                       "MA3"
                                                  ],
                                                  "stepNumber": "8"
                                             }
                                        ],
                                        "_class": "manpy.OrderComponent",
                                        "id": "C3O3",
                                        "name": "Component3 from Order3"
                                   },
                                   {
                                        "route": [
                                             {
                                                  "stationIdsList": [
                                                       "MA1",
                                                       "MA2",
                                                       "MA3"
                                                  ],
                                                  "processingTime": {
                                                       "Fixed": {
                                                            "mean": "3"
                                                       }
                                                  },
                                                  "stepNumber": "0"
                                             },
                                             {
                                                  "stationIdsList": [
                                                       "QIM"
                                                  ],
                                                  "stepNumber": "1"
                                             },
                                             {
                                                  "stationIdsList": [
                                                       "IM"
                                                  ],
                                                  "processingTime": {
                                                       "Fixed": {
                                                            "mean": "0.3"
                                                       }
                                                  },
                                                  "setupTime": {
                                                       "Fixed": {
                                                            "mean": "0.2"
                                                       }
                                                  },
                                                  "stepNumber": "2"
                                             },
                                             {
                                                  "stationIdsList": [
                                                       "E1"
                                                  ],
                                                  "stepNumber": "3"
                                             }
                                        ],
                                        "_class": "manpy.Mould",
                                        "id": "M1O3",
                                        "name": "Mould1 from Order3"
                                   }
                              ],
                              "name": "Order3",
                              "route": [
                                   {
                                        "stationIdsList": [
                                             "Q0"
                                        ],
                                        "stepNumber": "0"
                                   },
                                   {
                                        "stationIdsList": [
                                             "CAD1",
                                             "CAD2"
                                        ],
                                        "processingTime": {
                                             "Fixed": {
                                                  "mean": "2.4"
                                             }
                                        },
                                        "stepNumber": "1"
                                   }
                              ],
                              "priority": "2",
                              "manager": "OP2",
                              "_class": "manpy.Order",
                              "id": "O3"
                         }
                    ],
                    "interruptions": {},
                    "_class": "manpy.QueueManagedJob"
               },
               "CAD2": {
                    "interruptions": {},
                    "_class": "manpy.MachineManagedJob",
                    "name": "CAD Design 2",
                    "operationType": "MT-Load-Processing"
               },
               "MA2": {
                    "interruptions": {},
                    "_class": "manpy.MouldAssemblyManaged",
                    "id": "MA2",
                    "operationType": "MT-Load-Setup-Processing",
                    "name": "Assembly 2"
               },
               "OP1": {
                    "interruptions": {},
                    "_class": "manpy.OperatorManagedJob",
                    "capacity": "1",
                    "name": "Operator1",
                    "schedulingRule": "WT"
               },
               "OP2": {
                    "interruptions": {},
                    "_class": "manpy.OperatorManagedJob",
                    "capacity": "1",
                    "name": "Operator2",
                    "schedulingRule": "WT"
               },
               "CAD1": {
                    "interruptions": {},
                    "_class": "manpy.MachineManagedJob",
                    "name": "CAD Design 1",
                    "operationType": "MT-Load-Processing"
               },
               "OD0": {
                    "interruptions": {},
                    "_class": "manpy.OrderDecomposition",
                    "name": "Order Decomposition"
               },
               "CAM2": {
                    "interruptions": {},
                    "_class": "manpy.MachineManagedJob",
                    "name": "CAM Design 2",
                    "operationType": "MT-Load-Processing"
               },
               "CAM1": {
                    "interruptions": {},
                    "_class": "manpy.MachineManagedJob",
                    "name": "CAM Design 1",
                    "operationType": "MT-Load-Processing"
               },
               "MILL2": {
                    "interruptions": {},
                    "_class": "manpy.MachineManagedJob",
                    "name": "Milling 2",
                    "operationType": "MT-Load-Setup-Processing"
               },
               "MILL1": {
                    "interruptions": {},
                    "_class": "manpy.MachineManagedJob",
                    "name": "Milling 1",
                    "operationType": "MT-Load-Setup-Processing"
               },
               "EDM": {
                    "interruptions": {},
                    "_class": "manpy.MachineManagedJob",
                    "name": "EDM",
                    "operationType": "MT-Load-Setup-Processing"
               },
               "AB1": {
                    "capacity": "-1",
                    "name": "Assembly Buffer",
                    "isDummy": "0",
                    "interruptions": {},
                    "_class": "manpy.MouldAssemblyBufferManaged",
                    "id": "AB1"
               },
               "MA3": {
                    "interruptions": {},
                    "_class": "manpy.MouldAssemblyManaged",
                    "id": "MA3",
                    "operationType": "MT-Load-Setup-Processing",
                    "name": "Assembly 3"
               },
               "IM": {
                    "interruptions": {},
                    "_class": "manpy.MachineManagedJob",
                    "name": "Mould Injection",
                    "operationType": "MT-Load-Setup-Processing"
               },
               "QMILL": {
                    "interruptions": {},
                    "_class": "manpy.QueueManagedJob",
                    "capacity": "-1",
                    "name": "Queue Milling",
                    "isDummy": "0"
               },
               "QIM": {
                    "interruptions": {},
                    "_class": "manpy.QueueManagedJob",
                    "capacity": "-1",
                    "name": "Queue Mould Injection",
                    "isDummy": "0"
               },
               "QCAM": {
                    "interruptions": {},
                    "_class": "manpy.ConditionalBufferManaged",
                    "capacity": "-1",
                    "name": "Queue CAM",
                    "isDummy": "0"
               },
               "QEDM": {
                    "interruptions": {},
                    "_class": "manpy.QueueManagedJob",
                    "capacity": "-1",
                    "name": "Queue EDM",
                    "isDummy": "0"
               },
               "E1": {
                    "interruptions": {},
                    "_class": "manpy.ExitJobShop",
                    "name": "Exit"
               }
          },
          "edge": {}
     },
     "_class": "manpy.Simulation",
     "general": {
          "trace": "No",
          "_class": "manpy.Configuration",
          "numberOfReplications": "1",
          "maxSimTime": "-1",
          "confidenceLevel": "0.95"
     }
}
