{
     "graph": {
          "node": {
               "Q1": {
                    "capacity": "10",
                    "name": "Q1",
                    "isDummy": "0",
                    "wip": [
                         {
                              "route": [
                                   {
                                        "processingTime": {
                                             "Fixed": {
                                                  "mean": 0.0
                                             }
                                        },
                                        "stationIdsList": [
                                             "Q1"
                                        ]
                                   },
                                   {
                                        "processingTime": {
                                             "Fixed": {
                                                  "mean": 10.0
                                             }
                                        },
                                        "stationIdsList": [
                                             "M1",
                                             "M2"
                                        ]
                                   },
                                   {
                                        "processingTime": {
                                             "Fixed": {
                                                  "mean": 0.0
                                             }
                                        },
                                        "stationIdsList": [
                                             "Q3"
                                        ]
                                   },
                                   {
                                        "processingTime": {
                                             "Fixed": {
                                                  "mean": 30.0
                                             }
                                        },
                                        "stationIdsList": [
                                             "EDM"
                                        ]
                                   },
                                   {
                                        "stationIdsList": [
                                             "E1"
                                        ]
                                   }
                              ],
                              "_class": "manpy.Job",
                              "id": "J1",
                              "name": "J1",
                              "dueDate": 32
                         },
                         {
                              "route": [
                                   {
                                        "processingTime": {
                                             "Fixed": {
                                                  "mean": 0.0
                                             }
                                        },
                                        "stationIdsList": [
                                             "Q1"
                                        ]
                                   },
                                   {
                                        "processingTime": {
                                             "Fixed": {
                                                  "mean": 40.0
                                             }
                                        },
                                        "stationIdsList": [
                                             "M1",
                                             "M2"
                                        ]
                                   },
                                   {
                                        "processingTime": {
                                             "Fixed": {
                                                  "mean": 0.0
                                             }
                                        },
                                        "stationIdsList": [
                                             "Q3"
                                        ]
                                   },
                                   {
                                        "processingTime": {
                                             "Fixed": {
                                                  "mean": 20.0
                                             }
                                        },
                                        "stationIdsList": [
                                             "EDM"
                                        ]
                                   },
                                   {
                                        "stationIdsList": [
                                             "E1"
                                        ]
                                   }
                              ],
                              "_class": "manpy.Job",
                              "id": "J2",
                              "name": "J2",
                              "dueDate": 31
                         },
                         {
                              "route": [
                                   {
                                        "processingTime": {
                                             "Fixed": {
                                                  "mean": 0.0
                                             }
                                        },
                                        "stationIdsList": [
                                             "Q1"
                                        ]
                                   },
                                   {
                                        "processingTime": {
                                             "Fixed": {
                                                  "mean": 20.0
                                             }
                                        },
                                        "stationIdsList": [
                                             "M1",
                                             "M2"
                                        ]
                                   },
                                   {
                                        "processingTime": {
                                             "Fixed": {
                                                  "mean": 0.0
                                             }
                                        },
                                        "stationIdsList": [
                                             "Q3"
                                        ]
                                   },
                                   {
                                        "processingTime": {
                                             "Fixed": {
                                                  "mean": 10.0
                                             }
                                        },
                                        "stationIdsList": [
                                             "EDM"
                                        ]
                                   },
                                   {
                                        "stationIdsList": [
                                             "E1"
                                        ]
                                   }
                              ],
                              "_class": "manpy.Job",
                              "id": "J3",
                              "name": "J3",
                              "dueDate": 31
                         },
                         {
                              "route": [
                                   {
                                        "processingTime": {
                                             "Fixed": {
                                                  "mean": 0.0
                                             }
                                        },
                                        "stationIdsList": [
                                             "Q1"
                                        ]
                                   },
                                   {
                                        "processingTime": {
                                             "Fixed": {
                                                  "mean": 10.0
                                             }
                                        },
                                        "stationIdsList": [
                                             "M1",
                                             "M2"
                                        ]
                                   },
                                   {
                                        "processingTime": {
                                             "Fixed": {
                                                  "mean": 0.0
                                             }
                                        },
                                        "stationIdsList": [
                                             "Q3"
                                        ]
                                   },
                                   {
                                        "processingTime": {
                                             "Fixed": {
                                                  "mean": 20.0
                                             }
                                        },
                                        "stationIdsList": [
                                             "EDM"
                                        ]
                                   },
                                   {
                                        "stationIdsList": [
                                             "E1"
                                        ]
                                   }
                              ],
                              "_class": "manpy.Job",
                              "id": "J4",
                              "name": "J4",
                              "dueDate": 31
                         },
                         {
                              "route": [
                                   {
                                        "processingTime": {
                                             "Fixed": {
                                                  "mean": 0.0
                                             }
                                        },
                                        "stationIdsList": [
                                             "Q1"
                                        ]
                                   },
                                   {
                                        "processingTime": {
                                             "Fixed": {
                                                  "mean": 30.0
                                             }
                                        },
                                        "stationIdsList": [
                                             "M1"
                                        ]
                                   },
                                   {
                                        "stationIdsList": [
                                             "E1"
                                        ]
                                   }
                              ],
                              "_class": "manpy.Job",
                              "id": "J5",
                              "name": "J5",
                              "dueDate": 31
                         }
                    ],
                    "interruptions": {},
                    "element_id": "manpyNode_5",
                    "_class": "manpy.QueueJobShop",
                    "schedulingRule": "EDD"
               },
               "Q3": {
                    "capacity": "10",
                    "name": "Q3",
                    "isDummy": "0",
                    "interruptions": {},
                    "element_id": "manpyNode_7",
                    "_class": "manpy.QueueJobShop",
                    "schedulingRule": "WINQ"
               },
               "Q2": {
                    "capacity": "10",
                    "name": "Q2",
                    "isDummy": "0",
                    "interruptions": {},
                    "element_id": "manpyNode_6",
                    "_class": "manpy.QueueJobShop",
                    "schedulingRule": "RPC"
               },
               "EDM": {
                    "processingTime": {
                         "Fixed": {
                              "mean": 0.9,
                              "max": "1",
                              "stdev": "0.1",
                              "min": "0.1"
                         }
                    },
                    "interruptions": {},
                    "element_id": "manpyNode_2",
                    "_class": "manpy.MachineJobShop",
                    "name": "EDM"
               },
               "M1": {
                    "processingTime": {
                         "Fixed": {
                              "mean": 0.9,
                              "max": "1",
                              "stdev": "0.1",
                              "min": "0.1"
                         }
                    },
                    "interruptions": {},
                    "element_id": "manpyNode_3",
                    "_class": "manpy.MachineJobShop",
                    "name": "M1"
               },
               "M2": {
                    "processingTime": {
                         "Fixed": {
                              "mean": 0.9,
                              "max": "1",
                              "stdev": "0.1",
                              "min": "0.1"
                         }
                    },
                    "interruptions": {},
                    "element_id": "manpyNode_4",
                    "_class": "manpy.MachineJobShop",
                    "name": "M2"
               },
               "E1": {
                    "interruptions": {},
                    "element_id": "manpyNode_1",
                    "_class": "manpy.ExitJobShop"
               }
          },
          "edge": {
               "con_5": {
                    "source": "Q2",
                    "destination": "M2",
                    "data": {},
                    "_class": "manpy.Edge"
               },
               "con_15": {
                    "source": "Q1",
                    "destination": "M1",
                    "data": {},
                    "_class": "manpy.Edge"
               },
               "con_10": {
                    "source": "Q3",
                    "destination": "EDM",
                    "data": {},
                    "_class": "manpy.Edge"
               }
          }
     },
     "preference": {
          "zoom_level": 0.99999,
          "coordinates": {
               "Q1": {
                    "top": 0.2609784942787208,
                    "left": 0.06829507631032258
               },
               "Q3": {
                    "top": 0.27043423682505124,
                    "left": 0.4397080255596112
               },
               "Q2": {
                    "top": 0.45009334520533,
                    "left": 0.07016617429142732
               },
               "EDM": {
                    "top": 0.4784605728443214,
                    "left": 0.44157912354071593
               },
               "M1": {
                    "top": 0.26476079129725294,
                    "left": 0.20862742489317723
               },
               "M2": {
                    "top": 0.4538756422238622,
                    "left": 0.21049852287428195
               },
               "E1": {
                    "top": 0.3366244346493645,
                    "left": 0.6866929590654354
               }
          }
     },
     "shift_spreadsheet": [
          [
               "Day",
               "Machines",
               "Start",
               "End"
          ],
          [
               null,
               null,
               null,
               null
          ]
     ],
     "general": {
          "numberOfGenerations": "10",
          "numberOfReplications": "1",
          "trace": "No",
          "numberOfAntsPerGenerations": "20",
          "processTimeout": "2000",
          "numberOfSolutions": "4",
          "confidenceLevel": "0.95",
          "maxSimTime": "-1",
          "currentDate": "2013/01/01"
     }
}
