{
     "graph": {
          "node": {
               "W1": {
                    "capacity": 1,
                    "name": "W1",
                    "top": 0.8070539419087137,
                    "interruptions": {},
                    "_class": "manpy.Repairman",
                    "left": 0.8489583333333334
               },
               "S1": {
                    "name": "Raw Material",
                    "top": 0.9605809128630706,
                    "entity": "manpy.Part",
                    "interArrivalTime": {
                         "Fixed": {
                              "distributionType": "Fixed",
                              "mean": 0.5
                         }
                    },
                    "interruptions": {},
                    "_class": "manpy.Source",
                    "left": 0.30208333333333337
               },
               "M1": {
                    "name": "Machine1",
                    "top": 0.6535269709543569,
                    "processingTime": {
                         "Fixed": {
                              "mean": 0.25
                         }
                    },
                    "interruptions": {
                         "failure": {
                              "TTR": {
                                   "Fixed": {
                                        "mean": 5
                                   }
                              },
                              "TTF": {
                                   "Fixed": {
                                        "mean": 60
                                   }
                              }
                         }
                    },
                    "_class": "manpy.Machine",
                    "left": 0.5625
               },
               "M3": {
                    "name": "Machine3",
                    "top": 0.1929460580912863,
                    "processingTime": {
                         "Fixed": {
                              "mean": 3.0
                         }
                    },
                    "interruptions": {},
                    "_class": "manpy.Machine",
                    "left": 0.7083333333333333
               },
               "M2": {
                    "name": "Machine2",
                    "top": 0.34647302904564314,
                    "processingTime": {
                         "Fixed": {
                              "mean": 1.5
                         }
                    },
                    "interruptions": {
                         "failure": {
                              "TTR": {
                                   "Fixed": {
                                        "mean": 10
                                   }
                              },
                              "TTF": {
                                   "Fixed": {
                                        "mean": 40
                                   }
                              }
                         }
                    },
                    "_class": "manpy.Machine",
                    "left": 0.7083333333333333
               },
               "C1": {
                    "name": "C1",
                    "top": 0.5,
                    "length": "8",
                    "interruptions": {},
                    "_class": "manpy.Conveyer",
                    "speed": "1",
                    "left": 0.5625
               },
               "DummyQ": {
                    "capacity": 1,
                    "name": "DummyQ",
                    "top": 0.8070539419087137,
                    "isDummy": "1",
                    "interruptions": {},
                    "_class": "manpy.Queue",
                    "left": 0.30208333333333337
               },
               "E1": {
                    "interruptions": {},
                    "top": 0.03941908713692943,
                    "_class": "manpy.Exit",
                    "name": "Stock",
                    "left": 0.7083333333333333
               }
          },
          "edge": {
               "1": {
                    "source": "W1",
                    "destination": "M2",
                    "data": {},
                    "_class": "manpy.Edge"
               },
               "0": {
                    "source": "W1",
                    "destination": "M1",
                    "data": {},
                    "_class": "manpy.Edge"
               },
               "3": {
                    "source": "M1",
                    "destination": "C1",
                    "data": {},
                    "_class": "manpy.Edge"
               },
               "2": {
                    "source": "S1",
                    "destination": "DummyQ",
                    "data": {},
                    "_class": "manpy.Edge"
               },
               "5": {
                    "source": "DummyQ",
                    "destination": "M1",
                    "data": {},
                    "_class": "manpy.Edge"
               },
               "4": {
                    "source": "M2",
                    "destination": "M3",
                    "data": {},
                    "_class": "manpy.Edge"
               },
               "7": {
                    "source": "M3",
                    "destination": "E1",
                    "data": {},
                    "_class": "manpy.Edge"
               },
               "6": {
                    "source": "C1",
                    "destination": "M2",
                    "data": {},
                    "_class": "manpy.Edge"
               }
          }
     },
     "_class": "manpy.Simulation",
     "general": {
          "maxSimTime": "1440",
          "_class": "manpy.Configuration",
          "confidenceLevel": "0.95",
          "trace": "No",
          "numberOfReplications": "1"
     }
}
