{
     "graph": {
          "node": {
               "Q1": {
                    "capacity": 1,
                    "name": "Q1",
                    "top": 0.5,
                    "isDummy": "0",
                    "interruptions": {},
                    "_class": "manpy.Queue",
                    "left": 0.5
               },
               "S2": {
                    "name": "Raw Material 2",
                    "top": 0.9431137724550899,
                    "entity": "manpy.Part",
                    "interArrivalTime": {
                         "Fixed": {
                              "distributionType": "Fixed",
                              "mean": 1.0
                         }
                    },
                    "interruptions": {},
                    "_class": "manpy.Source",
                    "left": 0.2142857142857143
               },
               "S1": {
                    "name": "Raw Material 1",
                    "top": 0.9431137724550899,
                    "entity": "manpy.Part",
                    "interArrivalTime": {
                         "Fixed": {
                              "distributionType": "Fixed",
                              "mean": 0.5
                         }
                    },
                    "interruptions": {},
                    "_class": "manpy.Source",
                    "left": 0.7857142857142857
               },
               "M4": {
                    "name": "Machine4",
                    "top": 0.2784431137724551,
                    "processingTime": {
                         "Fixed": {
                              "mean": 1.25
                         }
                    },
                    "interruptions": {},
                    "_class": "manpy.Machine",
                    "left": 0.7857142857142857
               },
               "M1": {
                    "name": "Machine1",
                    "top": 0.721556886227545,
                    "processingTime": {
                         "Fixed": {
                              "mean": 0.25
                         }
                    },
                    "interruptions": {},
                    "_class": "manpy.Machine",
                    "left": 0.7857142857142857
               },
               "M3": {
                    "name": "Machine3",
                    "top": 0.2784431137724551,
                    "processingTime": {
                         "Fixed": {
                              "mean": 1.0
                         }
                    },
                    "interruptions": {},
                    "_class": "manpy.Machine",
                    "left": 0.2142857142857143
               },
               "M2": {
                    "name": "Machine2",
                    "top": 0.721556886227545,
                    "processingTime": {
                         "Fixed": {
                              "mean": 1.5
                         }
                    },
                    "interruptions": {},
                    "_class": "manpy.Machine",
                    "left": 0.2142857142857143
               },
               "E1": {
                    "interruptions": {},
                    "top": 0.05688622754491013,
                    "_class": "manpy.Exit",
                    "name": "Stock",
                    "left": 0.5
               }
          },
          "edge": {
               "1": {
                    "source": "S2",
                    "destination": "M2",
                    "data": {},
                    "_class": "manpy.Edge"
               },
               "0": {
                    "source": "S1",
                    "destination": "M1",
                    "data": {},
                    "_class": "manpy.Edge"
               },
               "3": {
                    "source": "M2",
                    "destination": "Q1",
                    "data": {},
                    "_class": "manpy.Edge"
               },
               "2": {
                    "source": "M1",
                    "destination": "Q1",
                    "data": {},
                    "_class": "manpy.Edge"
               },
               "5": {
                    "source": "M4",
                    "destination": "E1",
                    "data": {},
                    "_class": "manpy.Edge"
               },
               "4": {
                    "source": "M3",
                    "destination": "E1",
                    "data": {},
                    "_class": "manpy.Edge"
               },
               "7": {
                    "source": "Q1",
                    "destination": "M4",
                    "data": {},
                    "_class": "manpy.Edge"
               },
               "6": {
                    "source": "Q1",
                    "destination": "M3",
                    "data": {},
                    "_class": "manpy.Edge"
               }
          }
     },
     "_class": "manpy.Simulation",
     "general": {
          "maxSimTime": "1440",
          "_class": "manpy.Configuration",
          "confidenceLevel": "0.95",
          "trace": "No",
          "numberOfReplications": "1"
     }
}
