{
     "graph": {
          "node": {
               "A1": {
                    "name": "Assembly",
                    "top": 0.6423076923076922,
                    "processingTime": {
                         "Fixed": {
                              "mean": 2.0
                         }
                    },
                    "interruptions": {},
                    "_class": "manpy.Assembly",
                    "left": 0.5
               },
               "E1": {
                    "interruptions": {},
                    "top": 0.07307692307692304,
                    "_class": "manpy.Exit",
                    "name": "Stock",
                    "left": 0.5
               },
               "S1": {
                    "name": "Parts",
                    "top": 0.926923076923077,
                    "entity": "manpy.Part",
                    "interArrivalTime": {
                         "Fixed": {
                              "distributionType": "Fixed",
                              "mean": 0.5
                         }
                    },
                    "interruptions": {},
                    "_class": "manpy.Source",
                    "left": 0.7857142857142857
               },
               "M1": {
                    "name": "Moulding",
                    "top": 0.35769230769230764,
                    "processingTime": {
                         "Fixed": {
                              "mean": 0.25
                         }
                    },
                    "interruptions": {
                         "failure": {
                              "TTR": {
                                   "Fixed": {
                                        "mean": 5
                                   }
                              },
                              "TTF": {
                                   "Fixed": {
                                        "mean": 60
                                   }
                              }
                         }
                    },
                    "_class": "manpy.Machine",
                    "left": 0.5
               },
               "S2": {
                    "name": "Frames",
                    "top": 0.926923076923077,
                    "entity": "manpy.Frame",
                    "interArrivalTime": {
                         "Fixed": {
                              "distributionType": "Fixed",
                              "mean": 2.0
                         }
                    },
                    "interruptions": {},
                    "_class": "manpy.Source",
                    "left": 0.2142857142857143
               }
          },
          "edge": {
               "1": {
                    "source": "S2",
                    "destination": "A1",
                    "data": {},
                    "_class": "manpy.Edge"
               },
               "0": {
                    "source": "S1",
                    "destination": "A1",
                    "data": {},
                    "_class": "manpy.Edge"
               },
               "3": {
                    "source": "M1",
                    "destination": "E1",
                    "data": {},
                    "_class": "manpy.Edge"
               },
               "2": {
                    "source": "A1",
                    "destination": "M1",
                    "data": {},
                    "_class": "manpy.Edge"
               }
          }
     },
     "_class": "manpy.Simulation",
     "general": {
          "maxSimTime": "1440",
          "_class": "manpy.Configuration",
          "confidenceLevel": "0.95",
          "trace": "No",
          "numberOfReplications": "1"
     }
}
