{
     "graph": {
          "node": {
               "Q1": {
                    "capacity": -1,
                    "name": "Q1",
                    "isDummy": "0",
                    "wip": [
                         {
                              "priority": "2",
                              "route": [
                                   {
                                        "processingTime": {
                                             "Fixed": {
                                                  "mean": 0.0
                                             }
                                        },
                                        "stationIdsList": [
                                             "Q1"
                                        ]
                                   },
                                   {
                                        "processingTime": {
                                             "Fixed": {
                                                  "mean": 10.0
                                             }
                                        },
                                        "stationIdsList": [
                                             "M1"
                                        ]
                                   },
                                   {
                                        "processingTime": {
                                             "Fixed": {
                                                  "mean": 0.0
                                             }
                                        },
                                        "stationIdsList": [
                                             "Q3"
                                        ]
                                   },
                                   {
                                        "processingTime": {
                                             "Fixed": {
                                                  "mean": 20.0
                                             }
                                        },
                                        "stationIdsList": [
                                             "M3"
                                        ]
                                   },
                                   {
                                        "stationIdsList": [
                                             "E1"
                                        ]
                                   }
                              ],
                              "_class": "manpy.Job",
                              "id": "J1",
                              "name": "Order 1 from X"
                         }
                    ],
                    "interruptions": {},
                    "_class": "manpy.QueueJobShop"
               },
               "Q3": {
                    "capacity": -1,
                    "name": "Q3",
                    "isDummy": "0",
                    "wip": [
                         {
                              "priority": "3",
                              "route": [
                                   {
                                        "processingTime": {
                                             "Fixed": {
                                                  "mean": 0.0
                                             }
                                        },
                                        "stationIdsList": [
                                             "Q3"
                                        ]
                                   },
                                   {
                                        "processingTime": {
                                             "Fixed": {
                                                  "mean": 30.0
                                             }
                                        },
                                        "stationIdsList": [
                                             "M3"
                                        ]
                                   },
                                   {
                                        "processingTime": {
                                             "Fixed": {
                                                  "mean": 0.0
                                             }
                                        },
                                        "stationIdsList": [
                                             "Q1"
                                        ]
                                   },
                                   {
                                        "processingTime": {
                                             "Fixed": {
                                                  "mean": 20.0
                                             }
                                        },
                                        "stationIdsList": [
                                             "M1"
                                        ]
                                   },
                                   {
                                        "stationIdsList": [
                                             "E1"
                                        ]
                                   }
                              ],
                              "_class": "manpy.Job",
                              "id": "J3",
                              "name": "Order 3 from Z"
                         }
                    ],
                    "interruptions": {},
                    "_class": "manpy.QueueJobShop"
               },
               "Q2": {
                    "capacity": -1,
                    "name": "Q2",
                    "isDummy": "0",
                    "wip": [
                         {
                              "priority": "1",
                              "route": [
                                   {
                                        "processingTime": {
                                             "Fixed": {
                                                  "mean": 0.0
                                             }
                                        },
                                        "stationIdsList": [
                                             "Q2"
                                        ]
                                   },
                                   {
                                        "processingTime": {
                                             "Fixed": {
                                                  "mean": 20.0
                                             }
                                        },
                                        "stationIdsList": [
                                             "M2"
                                        ]
                                   },
                                   {
                                        "processingTime": {
                                             "Fixed": {
                                                  "mean": 0.0
                                             }
                                        },
                                        "stationIdsList": [
                                             "Q1"
                                        ]
                                   },
                                   {
                                        "processingTime": {
                                             "Fixed": {
                                                  "mean": 34.0
                                             }
                                        },
                                        "stationIdsList": [
                                             "M1"
                                        ]
                                   },
                                   {
                                        "stationIdsList": [
                                             "E1"
                                        ]
                                   }
                              ],
                              "_class": "manpy.Job",
                              "id": "J2",
                              "name": "Order 2 from Y"
                         }
                    ],
                    "interruptions": {},
                    "_class": "manpy.QueueJobShop"
               },
               "M1": {
                    "processingTime": {
                         "Fixed": {
                              "mean": 0.9,
                              "max": "1",
                              "stdev": "0.1",
                              "min": "0.1"
                         }
                    },
                    "interruptions": {},
                    "_class": "manpy.MachineJobShop",
                    "name": "M1"
               },
               "M3": {
                    "processingTime": {
                         "Fixed": {
                              "mean": 0.9,
                              "max": "1",
                              "stdev": "0.1",
                              "min": "0.1"
                         }
                    },
                    "interruptions": {},
                    "_class": "manpy.MachineJobShop",
                    "name": "M3"
               },
               "M2": {
                    "processingTime": {
                         "Fixed": {
                              "mean": 0.9,
                              "max": "1",
                              "stdev": "0.1",
                              "min": "0.1"
                         }
                    },
                    "interruptions": {},
                    "_class": "manpy.MachineJobShop",
                    "name": "M2"
               },
               "E1": {
                    "interruptions": {},
                    "_class": "manpy.ExitJobShop",
                    "name": "E1"
               }
          },
          "edge": {}
     },
     "general": {
          "numberOfReplications": "1",
          "trace": "No",
          "processTimeout": "0.5",
          "simulationClass": "Leotech",
          "confidenceLevel": "0.5",
          "maxSimTime": "-1"
     }
}
