{
     "graph": {
          "node": {
               "Q1": {
                    "capacity": 1,
                    "name": "Queue1",
                    "isDummy": "0",
                    "wip": [
                         {
                              "_class": "manpy.Part",
                              "id": "P1",
                              "name": "Part1"
                         }
                    ],
                    "interruptions": {},
                    "_class": "manpy.Queue",
                    "id": "Q1"
               },
               "E1": {
                    "interruptions": {},
                    "_class": "manpy.Exit",
                    "id": "E1",
                    "name": "Stock"
               },
               "Q2": {
                    "capacity": 1,
                    "name": "Queue2",
                    "isDummy": "0",
                    "interruptions": {},
                    "_class": "manpy.Queue",
                    "id": "Q2"
               },
               "M1": {
                    "name": "Machine1",
                    "processingTime": {
                         "Fixed": {
                              "mean": 0.25
                         }
                    },
                    "failures": {},
                    "interruptions": {},
                    "_class": "manpy.Machine",
                    "id": "M1"
               },
               "M2": {
                    "name": "Machine2",
                    "processingTime": {
                         "Fixed": {
                              "mean": 1.5
                         }
                    },
                    "failures": {},
                    "interruptions": {},
                    "_class": "manpy.Machine",
                    "id": "M2"
               }
          },
          "edge": {
               "1": {
                    "source": "M2",
                    "destination": "E1",
                    "data": {},
                    "_class": "manpy.Edge"
               },
               "0": {
                    "source": "M1",
                    "destination": "Q2",
                    "data": {},
                    "_class": "manpy.Edge"
               },
               "3": {
                    "source": "Q2",
                    "destination": "M2",
                    "data": {},
                    "_class": "manpy.Edge"
               },
               "2": {
                    "source": "Q1",
                    "destination": "M1",
                    "data": {},
                    "_class": "manpy.Edge"
               }
          }
     },
     "_class": "manpy.Simulation",
     "general": {
          "maxSimTime": "-1",
          "_class": "manpy.Configuration",
          "confidenceLevel": "0.95",
          "trace": "No",
          "numberOfReplications": "1"
     }
}
