{
     "graph": {
          "node": {
               "Q1": {
                    "capacity": 1,
                    "name": "Q1",
                    "isDummy": "0",
                    "interruptions": {},
                    "_class": "manpy.Queue",
                    "id": "Q1"
               },
               "S1": {
                    "name": "Raw Material",
                    "entity": "manpy.Part",
                    "interArrivalTime": {
                         "Fixed": {
                              "distributionType": "Fixed",
                              "mean": 0.75
                         }
                    },
                    "interruptions": {},
                    "_class": "manpy.Source",
                    "id": "S1"
               },
               "M1": {
                    "name": "Machine1",
                    "processingTime": {
                         "Fixed": {
                              "mean": 0.5
                         }
                    },
                    "interruptions": {
                         "shift": {
                              "endUnfinished": 1,
                              "shiftPattern": [
                                   [
                                        0,
                                        4.75
                                   ],
                                   [
                                        9,
                                        11
                                   ],
                                   [
                                        17,
                                        19
                                   ]
                              ]
                         }
                    },
                    "_class": "manpy.Machine",
                    "id": "M1"
               },
               "M2": {
                    "processingTime": {
                         "Fixed": {
                              "mean": 1.0
                         }
                    },
                    "interruptions": {},
                    "_class": "manpy.Machine",
                    "id": "M2",
                    "name": "Machine2"
               },
               "DummyQ": {
                    "capacity": 1,
                    "name": "DummyQ",
                    "isDummy": "1",
                    "interruptions": {},
                    "_class": "manpy.Queue",
                    "id": "DummyQ"
               },
               "E1": {
                    "interruptions": {},
                    "_class": "manpy.Exit",
                    "id": "E1",
                    "name": "Stock"
               }
          },
          "edge": {
               "1": {
                    "source": "M1",
                    "destination": "Q1",
                    "data": {},
                    "_class": "manpy.Edge"
               },
               "0": {
                    "source": "S1",
                    "destination": "DummyQ",
                    "data": {},
                    "_class": "manpy.Edge"
               },
               "3": {
                    "source": "DummyQ",
                    "destination": "M1",
                    "data": {},
                    "_class": "manpy.Edge"
               },
               "2": {
                    "source": "M2",
                    "destination": "E1",
                    "data": {},
                    "_class": "manpy.Edge"
               },
               "4": {
                    "source": "Q1",
                    "destination": "M2",
                    "data": {},
                    "_class": "manpy.Edge"
               }
          }
     },
     "_class": "manpy.Simulation",
     "general": {
          "trace": "No",
          "_class": "manpy.Configuration",
          "confidenceLevel": "0.95",
          "maxSimTime": "7",
          "numberOfReplications": "1"
     }
}
