{
     "graph": {
          "node": {
               "Q1": {
                    "capacity": 1,
                    "name": "Q1",
                    "isDummy": "0",
                    "interruptions": {},
                    "_class": "manpy.Queue",
                    "id": "Q1"
               },
               "S1": {
                    "name": "Raw Material",
                    "entity": "manpy.Part",
                    "interArrivalTime": {
                         "Fixed": {
                              "distributionType": "Fixed",
                              "mean": 0.5
                         }
                    },
                    "interruptions": {},
                    "_class": "manpy.Source",
                    "id": "S1"
               },
               "M1": {
                    "processingTime": {
                         "Fixed": {
                              "mean": 0.25
                         }
                    },
                    "interruptions": {
                         "failure": {
                              "TTR": {
                                   "Fixed": {
                                        "mean": 5
                                   }
                              },
                              "TTF": {
                                   "Fixed": {
                                        "mean": 60
                                   }
                              }
                         }
                    },
                    "_class": "manpy.Machine",
                    "name": "Machine1",
                    "id": "M1"
               },
               "M2": {
                    "processingTime": {
                         "Fixed": {
                              "mean": 1.5
                         }
                    },
                    "interruptions": {
                         "failure": {
                              "TTR": {
                                   "Fixed": {
                                        "mean": 10
                                   }
                              },
                              "TTF": {
                                   "Fixed": {
                                        "mean": 40
                                   }
                              }
                         }
                    },
                    "_class": "manpy.Machine",
                    "name": "Machine2",
                    "id": "M2"
               },
               "DummyQ": {
                    "capacity": 1,
                    "name": "DummyQ",
                    "isDummy": "1",
                    "interruptions": {},
                    "_class": "manpy.Queue",
                    "id": "DummyQ"
               },
               "E1": {
                    "interruptions": {},
                    "_class": "manpy.Exit",
                    "id": "E1",
                    "name": "Stock"
               }
          },
          "edge": {
               "1": {
                    "source": "M1",
                    "destination": "Q1",
                    "data": {},
                    "_class": "manpy.Edge"
               },
               "0": {
                    "source": "S1",
                    "destination": "DummyQ",
                    "data": {},
                    "_class": "manpy.Edge"
               },
               "3": {
                    "source": "DummyQ",
                    "destination": "M1",
                    "data": {},
                    "_class": "manpy.Edge"
               },
               "2": {
                    "source": "M2",
                    "destination": "E1",
                    "data": {},
                    "_class": "manpy.Edge"
               },
               "4": {
                    "source": "Q1",
                    "destination": "M2",
                    "data": {},
                    "_class": "manpy.Edge"
               }
          }
     },
     "_class": "manpy.Simulation",
     "general": {
          "maxSimTime": "1440",
          "_class": "manpy.Configuration",
          "confidenceLevel": "0.95",
          "trace": "No",
          "numberOfReplications": "1"
     }
}
