{
     "graph": {
          "node": {
               "Q1": {
                    "capacity": "-1",
                    "name": "StartQueue",
                    "top": 0.7727272727272727,
                    "interruptions": {},
                    "_class": "manpy.Queue",
                    "left": 0.6968085106382979
               },
               "BR1": {
                    "name": "Batch_Reassembly",
                    "top": 0.5909090909090908,
                    "processingTime": {
                         "Fixed": {
                              "mean": 0
                         }
                    },
                    "numberOfSubBatches": 2,
                    "wip": [
                         {
                              "name": "Batch1_SB1",
                              "parentBatchName": "Batch1",
                              "id": "SB1",
                              "numberOfUnits": 30,
                              "parentBatchId": "B1",
                              "_class": "manpy.SubBatch",
                              "remainingProcessingTime": {
                                   "Fixed": {
                                        "mean": 20
                                   }
                              }
                         },
                         {
                              "name": "Batch1_SB2",
                              "parentBatchName": "Batch1",
                              "id": "SB2",
                              "numberOfUnits": 30,
                              "parentBatchId": "B1",
                              "_class": "manpy.SubBatch",
                              "remainingProcessingTime": {
                                   "distributionType": "Fixed",
                                   "mean": 20
                              }
                         }
                    ],
                    "interruptions": {},
                    "_class": "manpy.BatchReassembly",
                    "left": 0.4414893617021277
               },
               "BD1": {
                    "name": "Batch_Decomposition",
                    "top": 0.5909090909090908,
                    "processingTime": {
                         "Fixed": {
                              "mean": 0
                         }
                    },
                    "numberOfSubBatches": 2,
                    "wip": [],
                    "interruptions": {},
                    "_class": "manpy.BatchDecomposition",
                    "left": 0.4414893617021277
               },
               "M2": {
                    "name": "Station2",
                    "top": 0.5909090909090908,
                    "wip": [
                         {
                              "id": "B2",
                              "unitsToProcess": 5,
                              "numberOfUnits": "50",
                              "_class": "manpy.Batch",
                              "name": "Batch2"
                         }
                    ],
                    "processingTime": {
                         "Fixed": {
                              "mean": 0.2
                         }
                    },
                    "failures": {},
                    "interruptions": {},
                    "_class": "manpy.BatchScrapMachine",
                    "left": 0.4414893617021277
               },
               "M1": {
                    "name": "Station1",
                    "top": 0.5909090909090908,
                    "wip": [],
                    "processingTime": {
                         "Fixed": {
                              "mean": 0.1
                         }
                    },
                    "failures": {},
                    "interruptions": {},
                    "_class": "manpy.BatchScrapMachine",
                    "left": 0.4414893617021277
               },
               "E1": {
                    "interruptions": {},
                    "top": 0.045454545454545414,
                    "_class": "manpy.Exit",
                    "name": "Stock",
                    "left": 0.2978723404255319
               }
          },
          "edge": {
               "1": {
                    "source": "BD1",
                    "destination": "M1",
                    "data": {},
                    "_class": "manpy.Edge"
               },
               "0": {
                    "source": "Q1",
                    "destination": "BD1",
                    "data": {},
                    "_class": "manpy.Edge"
               },
               "3": {
                    "source": "BR1",
                    "destination": "M2",
                    "data": {},
                    "_class": "manpy.Edge"
               },
               "2": {
                    "source": "M1",
                    "destination": "BR1",
                    "data": {},
                    "_class": "manpy.Edge"
               },
               "4": {
                    "source": "M2",
                    "destination": "E1",
                    "data": {},
                    "_class": "manpy.Edge"
               }
          }
     },
     "_class": "manpy.Simulation",
     "general": {
          "maxSimTime": "-1",
          "_class": "manpy.Configuration",
          "confidenceLevel": "0.95",
          "trace": "No",
          "numberOfReplications": "1"
     }
}
